segment,delta0,theta0,alpha0,beta0,gamma0,TBR0,delta1,theta1,alpha1,beta1,gamma1,TBR1,delta2,theta2,alpha2,beta2,gamma2,TBR2,delta3,theta3,alpha3,beta3,gamma3,TBR3,Mean_TBR,label,file
1,0.1516863134088752,0.18612472682375641,0.18089628546795622,0.02708495328962102,0.23202256084443468,0.45594902207758536,0.6654394797007832,0.30092898536357704,0.8354062370206302,0.2073728728392704,0.5019707955529698,0.29724547187450034,0.09045089814147957,0.14202121416749264,0.5772609761811833,0.17471580616813057,0.44922088168231905,0.18357394739867927,0.050580379525030486,0.0903814613989734,0.08393552996169065,0.0710438354069862,0.5056758555848108,0.08990781226773036,0.21893928853765593,EC,EC.csv
2,0.06070564165250329,0.0614619403023299,0.05778641887386067,0.04085583827044348,0.12633351045678826,0.12399772389421394,0.3079669428405153,0.2796835057684195,0.16034912053057937,0.2114246527022758,0.4528315925385987,0.27260805341566374,0.04967709423073468,0.0927086566353494,0.14195436964388725,0.17873231343535706,0.4379254488896221,0.1189589171442181,0.0502966920871413,0.024110012266130514,0.02214119875338273,0.055143730801970464,0.26718154863792065,0.03021257296623582,0.08605960765169723,EC,EC.csv
3,0.024303491848008466,0.0607437680189501,0.03406099037712616,0.1522181050862937,0.15019569046546882,0.04477540782146384,0.19395014778902814,0.0803488828329872,0.09531437415891542,0.4055439580499418,0.16993179848045709,0.03905529920545725,0.07243322101183963,0.10861646294827719,0.07655617191626574,0.40643695331763247,0.2570324732774021,0.06961117858843166,0.005459390200600855,0.020895451324230544,0.011226167962850777,0.1270274551808695,0.3707854444936624,0.011657481793045087,0.01900737619611638,EC,EC.csv
4,0.00039985923313701904,0.01981670042134119,0.012443596923795498,0.07598879440708887,0.10879203084387469,0.02719421782068723,0.02600930158949889,0.10318266426726874,0.031153231668577964,0.37342331417161745,0.5762538441343767,0.05804781227066022,0.005594540622844835,0.0416892392995528,0.0,0.32711941920710896,0.2890793716021909,0.033131170875186945,0.000945482057399014,0.012437161639091643,0.008371608594330537,0.07038765608706428,0.2698923712398363,0.012465510614768348,0.013964587053186386,EC,EC.csv
5,0.018810406106807273,0.020031652053496357,0.017780755591008515,0.06489882950860937,0.18098846709767896,0.031237201657663274,0.04316539187236128,0.2365787109931555,0.27529964111584576,0.3293477302811435,0.2553791797387921,0.15970171410869674,0.015629840699346104,0.1529513320642743,0.23203915719067858,0.24788809867349776,0.27350122316487807,0.14967292592833328,0.007318375803645479,0.012761255720995771,0.01039467776634826,0.053800429253356055,0.2704468243420489,0.01652060156672953,0.044231501347940586,EC,EC.csv
6,0.018790155274545795,0.041313613757741445,0.2075947399649782,0.03220261201747765,0.15189185325014004,0.09728564418484287,0.09915205186092363,0.0535577181990423,0.16363940584945924,0.3389444832697843,0.5260350295877062,0.031126360336777195,0.03209247230713146,0.08418999643713837,0.11455157350816986,0.16587427580825123,0.42489430784768006,0.11469347886398082,0.011684061079154777,0.01984509342563754,0.08965513068529768,0.04534118971952418,0.38400201615877955,0.029635612314325707,0.049894775203304834,EC,EC.csv
7,0.03920059859918455,0.07177712973317653,0.2815819666214117,0.028621673926880652,0.09803298921347493,0.17511778353506716,0.24445208945087776,0.316804079613925,0.7765574943089342,0.5952370154250641,0.35538845602508096,0.12198710620822997,0.06399335463056348,0.29541697452640675,0.7984397126425178,0.27515203608022964,0.31978459052744523,0.2634550578306688,0.009281789176161239,0.03313617011921434,0.11776281808930887,0.046668579735339055,0.275834110007783,0.04785518574756751,0.1105568246471292,EC,EC.csv
8,0.028521022606293845,0.01896595961008804,0.07806611538753781,0.030536340880221623,0.10457440482761289,0.049233406571870954,0.010036356002469975,0.02320539652690192,0.23661717263484852,0.2544931282984997,0.4379589716560006,0.019824208100555803,0.009925833118168616,0.03239827451784473,0.1850945972089212,0.11722213461725814,0.27098212020306617,0.05997249434981632,0.01211623625828935,0.008804815479153127,0.018016346732066483,0.04024432074072275,0.3673388775533088,0.01504324921405487,0.01938079835868079,EC,EC.csv
9,0.05493582119092669,0.031124546336437547,0.14737688821419723,0.02255230043928075,0.2217556224053467,0.08931332776469124,0.14965929692355345,0.19518866193412834,0.3744966387064042,0.16466542928509462,0.39258372708675704,0.23059870593248302,0.028054092798669005,0.21403021643112602,0.5197476587824119,0.09889950639872186,0.46153153021777565,0.40863546956324276,0.032249488388615515,0.011304840534429062,0.047406637402171214,0.04546422657601623,0.6284694208337548,0.017121274684728086,0.09606357636586896,EC,EC.csv
10,0.04283166277064805,0.044833363496469124,0.0342466817664666,0.03802941496486273,0.026058149552241727,0.09567284425259213,0.1273230210508722,0.14087004594773392,0.24185836653088577,0.14541090788359873,0.268449936659209,0.1848308024320659,0.04766041671700727,0.1785048205578312,0.2366741601227716,0.15636796022179347,0.2625898678914466,0.24968340109845408,0.025672548830870216,0.015686005253529246,0.03043008280010876,0.06329820741792173,0.14634876882517422,0.01739650422157632,0.07358912335104359,EC,EC.csv
11,0.027500451577603568,0.025436589695466638,0.0441021863561348,0.016320920831178653,0.18639459949041348,0.0850508364971664,0.1567961141574138,0.0945589543487435,0.49095422874112155,0.38157936787429625,0.46190647250741124,0.05123377336709764,0.035970523366870705,0.14378991416198486,0.5371080599758198,0.31077948141867817,0.6330386462608941,0.11642614392769149,0.03505975156615445,0.012402738616174924,0.01770341938761233,0.03741610113441919,0.5615855315272396,0.022176593388567235,0.043569346888691865,EC,EC.csv
12,0.014413839443393004,0.05115782748435219,0.04490143975637097,0.03122622322643197,0.09540964663333255,0.12106515995516702,0.06595101885749086,0.17434375457792808,0.3130599442155344,0.459191953188995,0.40697203281681527,0.08269557152570763,0.03567678707968018,0.11291378729763844,0.16584017878862167,0.41223520249342804,0.4068132195496289,0.07142183142893924,0.021354292157544738,0.015040867981742817,0.026930195207197055,0.04811479204106088,0.4013144718817584,0.021461793705746413,0.049328461504778,EC,EC.csv
13,0.013841214053163587,0.042139953347825936,0.08128189960945507,0.03658122757225317,0.10407100025942072,0.092284241545893,0.14787467587983932,0.196534053114157,0.27425209569140463,0.30576753369526,0.6089744689779559,0.14121192698309917,0.018796743644373035,0.13592329097020692,0.3523837324283438,0.25260467098564104,0.7130243198391426,0.1311856867831604,0.00453266794629768,0.011040071349777828,0.01714769239515958,0.048026602695013396,0.4170865995860082,0.015926132716146502,0.05249962800602753,EC,EC.csv
14,0.003293766503754442,0.02242859638400036,0.012043768149036854,0.07493105614620853,0.05167997002665793,0.030944812345350407,0.12516450270902899,0.11726318550341039,0.16955981719047444,0.09716829407034833,0.40246619840839193,0.2014980477436596,0.062054409595849354,0.12987183998395505,0.14110802354128532,0.14936823299068225,0.3581069791351612,0.18899219947796128,0.0024974326114857994,0.010995677494386933,0.010188597227245992,0.09950445539957466,0.25302735370726986,0.007687248378738133,0.046334488314993316,EC,EC.csv
15,0.004817914479418271,0.01854297801126501,0.05030557055328497,0.047463004373116235,0.13439698683990586,0.03668675625244323,0.034504146735595355,0.1376793465819542,0.22672159816299692,0.29630532761384165,0.3357612824288728,0.10094009785381783,0.016635177689916115,0.1356904904207792,0.16250494460416448,0.19103833742176973,0.3740149707329033,0.16389702669367398,0.003649672361983455,0.007632171020779012,0.020532558646917453,0.08579738855350953,0.4670140483884528,0.0061733648884316275,0.031118519365768663,EC,EC.csv
16,0.0017597409904949349,0.03219660137488488,0.0,0.023853998866765192,0.1290780366744727,0.08978201938328235,0.051206638636911495,0.1142542237551358,0.22055630721925665,0.28017673018648215,0.6415979187386057,0.08805324859573753,0.005070936115421708,0.052712928361582256,0.2972055289161844,0.2638316764185072,0.47288521599295835,0.05021908494971275,0.0028537189589424496,0.023262209845239423,0.0075783464149325065,0.041573264311201036,0.42485499347645433,0.03728352088279128,0.05419770860591569,EC,EC.csv
17,0.005906490008716697,0.0038604619767646344,0.04544513939016946,0.05182884518697338,0.11475916177946018,0.0097586305908521,0.14304272932932532,0.17074365879936448,0.7277055585301239,0.6187915794492164,0.5533603510541909,0.056456297771561026,0.05952135973303985,0.19796911286771934,0.5270822735215184,0.4857610396911664,0.8333824588290389,0.10762826066690324,0.006848247784223856,0.006241508983025427,0.012357236461391221,0.06273782448375628,0.5316530804219416,0.007066260084103409,0.014094896100769715,EC,EC.csv
18,0.0029062364978607114,0.04076242091607135,0.009936218401858937,0.021329723610362585,0.025893901452987533,0.11742574063185987,0.2704023382036042,0.21867515344436886,0.031132919432303518,0.24111917409573339,0.5197449044204607,0.1928835708906552,0.04099293074258155,0.10201045026511196,0.03271447650489346,0.18245980960458633,0.2765851144745348,0.12849413912750776,0.00569052934175088,0.02175707584076629,0.013605011180583805,0.04060958734115219,0.2048523077179994,0.035621875641026396,0.08063515058218121,EC,EC.csv
19,0.0023976078767123663,0.029604272502878608,0.03316239900562532,0.035582715484107075,0.05586672441396413,0.06742793573719248,0.3075188900477607,0.186458362039813,0.40243122227161465,0.32614669385335127,0.3944045270870209,0.12601333089465505,0.07262814287370128,0.05661345730109542,0.34879748648420683,0.2714109771808807,0.37359269039656523,0.0525045740724671,0.0028357323895911316,0.01323351212274994,0.011622148675217039,0.06037367281492033,0.2519441761848484,0.01537250741890259,0.035652109940472465,EC,EC.csv
20,0.0028467896817624006,0.05714397089584255,0.10464685486466103,0.04823282480650644,0.08301684944031944,0.10425206854989434,0.022470319423287744,0.1380389777941775,0.04629413695247461,0.2986084896757013,0.21101453528218395,0.10045897695387479,0.01247372955932776,0.14590260932379373,0.08828970982735715,0.22234392755895765,0.2321894819670387,0.15609543532804057,0.004183969088674001,0.020379647006423807,0.05673886153315319,0.07809837527687886,0.2961978629749437,0.018507764348896776,0.0552121997132079,EC,EC.csv
21,0.012032557846611851,0.019166862474719343,0.05465619666319077,0.062353490495451774,0.10187450958264348,0.030938681338834855,0.07338211954957127,0.0613684184336077,0.07796045236388484,0.31290059755802035,0.35871046155693953,0.04054948841650442,0.03032746226223106,0.07242659486406165,0.17350191222113479,0.16055884625098107,0.4986980785889423,0.10165784879338918,0.005699471415273366,0.014513436931863114,0.015356717038270351,0.09325181299937019,0.3823469445275538,0.01098823178819359,0.01936531165436369,EC,EC.csv
22,0.01485417970817094,0.08586905461452071,0.030851053970942698,0.06183107434290519,0.02687732709906332,0.13120011678062005,0.09689562915208187,0.19640745384927152,0.37152036233581837,0.4232184453119071,0.22380261351463498,0.10294357415301153,0.03647096484597607,0.2701342407488195,0.4115556698531269,0.2111668831895862,0.22696588396690526,0.29887152301386244,0.010622631095140765,0.03568039754803404,0.013556845744048498,0.08516581735928402,0.16713554855670626,0.02997396920190292,0.08769362548511277,EC,EC.csv
23,0.014030588814969245,0.026133241637317502,0.11722879575507891,0.05014570948253361,0.13025701784008958,0.048346834869636805,0.21857069254720915,0.11136166120976412,0.3181672596638703,0.48471540332327323,0.6983878439552015,0.045700284316331094,0.09721667413041027,0.06707799307511275,0.41676833272942915,0.37023783934234206,0.5435002340767632,0.047059023650698105,0.008078166391069739,0.008894815413353378,0.04087153829865955,0.06443108706653425,0.4312395642551972,0.009746974303827092,0.016339274401845787,EC,EC.csv
24,0.008440345115029625,0.08862091974097366,0.06135073445688087,0.03804991755194509,0.14399187458687568,0.18429139498911856,0.10870961711618848,0.17643773569739535,0.6863224812144639,0.2847621145368455,0.3326367556477558,0.13491370253995805,0.0340951256546054,0.2777942522237036,0.7329393827317732,0.18979224555710753,0.4360293982409443,0.3339534100357169,0.003141593208894051,0.03767298971643987,0.03835003348275653,0.0625102228666549,0.5604345876668737,0.042068801522897645,0.11740485949041905,EC,EC.csv
25,0.01217255200432209,0.047059576339142165,0.09123609987370007,0.056737852679066586,0.09709062189437916,0.07754720151987937,0.055829607002225334,0.22280416500344916,0.36091791535985357,0.2442626482100562,0.3091426338723709,0.19443706450341142,0.015004014219251021,0.12869241273785254,0.5415512556890505,0.22261551137204766,0.3271977396349888,0.13784289642370692,0.00155057770995553,0.008767355130222785,0.043525155306668374,0.08414189895286124,0.3659150203337906,0.007280002138612163,0.049232864663343354,EC,EC.csv
26,0.003987550132411069,0.03526554985271598,0.07215805620935299,0.02966137302927919,0.08962480362998788,0.08766583745739803,0.1304779716538582,0.11205804777134587,0.2105944896161116,0.21811091055353185,0.47090728359896705,0.10882701485759316,0.03875682041963883,0.14745512828054622,0.3877574493370637,0.21769113101844495,0.4746169226133769,0.16042948582894098,0.006200015747489811,0.017349611782747566,0.04927105210726305,0.06227001763479456,0.3654565769060421,0.01952373314683846,0.05401865041212202,EC,EC.csv
27,0.0012048646252968416,0.022321049000274294,0.1524297226090619,0.034045571056027665,0.07335758131193358,0.053493021367342714,0.06254699196606404,0.005288008392261817,0.10533598774870816,0.20001414363340406,0.23484827698818617,0.010800393735297932,0.013840719741719569,0.08411707030403737,0.15559091826785768,0.17032792567174174,0.2819795744141322,0.11231810919402309,0.0007594829047633887,0.005133953170552836,0.06707162840230359,0.061369070366881176,0.28504604618864543,0.005978575792503991,0.0175967072772832,EC,EC.csv
28,0.0035018782110704362,0.014476748984104056,0.08700683566788775,0.05614850680442178,0.13150409064293106,0.02600833085346705,0.08689456525170881,0.13205373066370393,0.16722445240238257,0.23204432253214977,0.3675537005083841,0.12103013661794329,0.016546538046937974,0.13013891264487465,0.3545532486716221,0.13642146401365512,0.4966386256174568,0.2021249812208255,0.003941990977111461,0.006508690941672774,0.04389151904877063,0.10172947654649461,0.43341906575723427,0.004270205007209557,0.034094818544882846,EC,EC.csv
29,0.014526118729382368,0.01583205917369944,0.03372707296344715,0.0477078755689717,0.09254955325399188,0.03175027188932121,0.024168564849585208,0.2039084220884535,0.21057566895855737,0.39537662980889166,0.25776295125493603,0.11487042380170126,0.004393134782420668,0.14887942570931156,0.26175423087826943,0.27962430855533393,0.16653049364800848,0.1318307595563159,0.008502944946241273,0.008250499950556486,0.016946768118689236,0.07099553891903115,0.35933552494366294,0.00819214746757083,0.02973084859938519,EC,EC.csv
30,0.003199209871809599,0.11670850511088521,0.07281387546896095,0.03300900320875222,0.0655661396652333,0.2608350461017757,0.024256918204296565,0.2602906424228424,0.27885969132360094,0.2620717080460012,0.10161562295155101,0.21435179155700684,0.00755919362092412,0.28539144397458277,0.2439077258308498,0.24406616107701845,0.16194877824858317,0.280994687141111,0.0011394806475618347,0.04396405284205225,0.030433773651987336,0.059391055121165076,0.2950937173669236,0.051353885383519954,0.14532318080269674,EC,EC.csv
31,0.010059691794889155,0.06948090659677404,0.0853144390449529,0.0493419216313835,0.0004886269710657754,0.12414867119788954,0.01234620362694645,0.06526983592559951,0.19763639760019022,0.3192641510564824,0.5091896744590471,0.042275145888298324,0.0015208431449272887,0.11107815087429618,0.19353605219431097,0.3186698399883636,0.46571699174023334,0.08830428163497597,0.001354135768923582,0.012641458818516912,0.04181891735509289,0.10635412843987697,0.0679838920574103,0.008285413759581592,0.03584528909477443,EC,EC.csv
32,0.028780620759312148,0.015023846699853703,0.10486176141041967,0.05227143925201673,0.1146585221349068,0.02837312624319439,0.15606113218715476,0.09754673319988047,0.22072203693950743,0.22111679775998386,0.07582010082699174,0.09403577615499936,0.07218479417907667,0.061297148702973495,0.4119313077464426,0.13645210639172098,0.27871084377733635,0.09765538464705713,0.0036573380383062007,0.015852065349882913,0.019863712058147697,0.06694529730198624,0.4208010012006636,0.016671851763753544,0.02968739614082007,EC,EC.csv
33,0.00973958229752248,0.02812755723317347,0.054585388224401746,0.04818600796243651,0.10667783073941507,0.05319140057521012,0.15840649512365898,0.06648037352726739,0.5299535590669563,0.1403994792677768,0.18941505117933982,0.09674605207711115,0.04645943523484638,0.034451490209901875,0.44993652779558596,0.09679609828750899,0.26033567668372615,0.07209881883852795,0.007247121949935264,0.010817678594294408,0.01997499416227535,0.08724954564681504,0.4103569218612046,0.008698088368930367,0.025626800291969766,EC,EC.csv
34,0.007762996916837841,0.02416792187945152,0.05283549259339469,0.08032420383311642,0.0,0.031372427348972796,0.1798201502400266,0.05968776063695691,0.4719773281696381,0.41570380203442403,0.2025293073952154,0.02576669017133084,0.04047277292745692,0.06464116067340517,0.47736199857258504,0.23428695944011207,0.20682297904536368,0.06757554317462944,0.006858879417322482,0.010986616409035277,0.031204600237265713,0.060488984872689625,0.34831308558237967,0.01277245683598312,0.0152056845787185,EC,EC.csv
35,0.0007082512877971039,0.009207631197701318,0.09402085126075467,0.04043062474598204,0.04938780023026325,0.022562585290368142,0.032923620268007665,0.14093067223487843,0.14525905218377877,0.5684578162184063,0.12515476780663853,0.049570197843606945,0.006511986820954304,0.10646457623304025,0.04129853328590308,0.41936486900777686,0.21320604397741594,0.0663316701310256,0.0014875421412753169,0.004698069117100353,0.06537185842334758,0.0641601983915009,0.2705265097509044,0.005222654398910716,0.009646083704944627,EC,EC.csv
36,0.0013218815146845194,0.0774598781850211,0.06190347890548181,0.048938603043998635,0.1457063600521757,0.13873194176878875,0.08273848833272633,0.14299733999830738,0.3987245228565759,0.3836567343697813,0.3204403290185631,0.08077477431191178,0.009257928790770567,0.10797306301109487,0.2564695566410721,0.21812941116857776,0.37343898497201566,0.11797556977487182,0.0011271522911980374,0.019288564063082037,0.03031198361892394,0.08110731310129,0.35614973162467106,0.0168799850221816,0.054436687954547106,EC,EC.csv
37,0.006760407645590872,0.011426961029496998,0.042028672326378184,0.03880017533283779,0.09692078888129878,0.027653531939512994,0.14424993321671242,0.09855986317053006,0.12544515401356024,0.32848204463179387,0.2700094767851572,0.06393718217813152,0.017535933242325403,0.17255325128519058,0.23335971947265666,0.30602898290169495,0.27241524000154166,0.14129823019491455,0.004423103993342492,0.014789004342426281,0.013806534269141857,0.09673895230872381,0.42326888275903146,0.010787742188685934,0.02594974981359778,EC,EC.csv
38,0.004871390860177819,0.03951701865089485,0.04509503601300184,0.05847972291771049,0.04847794064685686,0.06418394671219403,0.08873661809608578,0.3710890382737796,0.1206096599656269,0.2271654557008785,0.11130886143142825,0.34152823822760836,0.02266519976512758,0.3581751204176522,0.1638999846572355,0.248450862053554,0.1422468571703705,0.3470394192816021,0.003914298638300073,0.012009058311417553,0.01351199481136457,0.1118434478772053,0.2803783377783606,0.0074267464857670105,0.08874481662586768,EC,EC.csv
39,0.002126247575328968,0.021576927172660843,0.02569804753269061,0.042056969295301824,0.09618557055413719,0.04559529183743163,0.01572298287051727,0.13617755479695776,0.035324165141032246,0.5275166744536682,0.26605646004053785,0.0524190165945501,0.009465651510381236,0.07376298380816945,0.10186327242970318,0.32166104367529647,0.40955369130179853,0.05857827494784761,0.003262230461376126,0.011052940017934915,0.01465105662746443,0.06887357674119148,0.4094844917674541,0.011318906957726272,0.019239933038562855,EC,EC.csv
40,0.0013962907209423133,0.03187478565981018,0.08928644161946685,0.03485952553083539,0.0779995086170832,0.07305567861659464,0.03843427337817354,0.0659626129926609,0.2784731961939369,0.3715683055295935,0.21266827865003046,0.03483600418079032,0.0024594725677268914,0.09262151550703455,0.23449212804883263,0.3134633029123302,0.2916102744471745,0.07490828975119772,0.0022829549991990883,0.013874403138341776,0.03879518792752841,0.07172200576607217,0.28591499949463767,0.013655061715276307,0.026911352742123328,EC,EC.csv
41,0.010146145871673245,0.15271063338252658,0.0679081109427617,0.044217791529163525,0.14051154955895384,0.28754134391893116,0.12643639560235354,0.37085519230988495,0.26344911167162166,0.26501880972428893,0.5453222663559814,0.3028375798575834,0.02204214621496777,0.4604013780090189,0.27072441193602653,0.19669516404560716,0.5717304727175132,0.5364124744739297,0.008285948603565841,0.0695519605974975,0.03524474081402297,0.09875963454861224,0.44027505556719476,0.05111252798712372,0.19139823766222702,EC,EC.csv
42,0.1299509507615369,0.18942571108408263,0.19276888272728368,0.07115022928477138,0.11737104644124831,0.2597008873312848,0.2211966467670314,0.3136261308380316,0.31644101311667083,0.46639898558429327,0.34289816690521774,0.15463044967825065,0.07949093253203754,0.41350467516643896,0.11657574181025199,0.3274216806991382,0.365426397385264,0.3178664308424195,0.11109205787686244,0.09550952083162535,0.0714881193204812,0.15817424395702495,0.3398714182024109,0.04490790325588153,0.13662246755175872,EC,EC.csv
43,0.01452993500619967,0.05515767359182858,0.10728119599418617,0.018571946311445247,0.16129625957155969,0.16520212710481796,0.045133582950520335,0.34577486185551864,1.0000000000000002,0.33064317753092687,0.14264045273464337,0.23481873828014402,0.024399676268485118,0.3201290681350974,0.6581752849882689,0.19772384650692637,0.32119445176566996,0.3723830290525404,0.010896381379443964,0.032644117304489156,0.03964275698955159,0.049630037369950794,0.6007444810684586,0.04472270511019252,0.13218094429023985,EC,EC.csv
44,0.006440623548974983,0.0,0.0640893666229768,0.031543088737522915,0.08225472021675535,0.005891904932481721,0.12489788200677802,0.09808164969725647,0.283318475663319,0.44013566151552785,0.21916716059919683,0.044508881470343625,0.013397474028644907,0.09948191025240995,0.33206944026910845,0.3361442664547543,0.3374249336470257,0.07560140362300069,0.0032135353566782147,0.0008737261659182408,0.02019294204746521,0.0645146618408243,0.466473693907493,0.00105018026668661,0.0029665341020906517,EC,EC.csv
45,0.0035588105798178274,0.004032885226180291,0.07459860307662335,0.022036365438383585,0.16988697846787337,0.01851079608326337,0.06648935257840098,0.1594231212922154,0.6976820852528931,0.30532935458113264,0.2563102622744697,0.11406319351928942,0.03674274664755007,0.1785667179663535,0.7866354292841173,0.20918252473830468,0.4356234270697458,0.1999718141776042,0.00174385198197311,0.008413352212911677,0.051156954422503384,0.05286797156669479,0.519224834218383,0.011204186715870255,0.037266460021991014,EC,EC.csv
46,0.0031995093557260733,0.03196674943248219,0.11866010049351308,0.03390421206276101,0.04876717604062834,0.07441717791916526,0.0680679036223625,0.1050430004882795,0.11220345499533567,0.28308114251705085,0.12466125934179632,0.07998700236037928,0.03177966846954333,0.05646153995673646,0.2565754980876837,0.236251863240047,0.12700797651722556,0.05890490413502158,0.005818993473600797,0.017835248696047048,0.04479543890744301,0.05790067667830541,0.29789793482737187,0.021459688975500536,0.0374701046706985,EC,EC.csv
47,0.0185636098939164,0.034076984601897724,0.02776809092973105,0.06032161506442457,0.07527562949156495,0.05448142479160837,0.2499015900926954,0.417155875208558,0.17533093934340657,0.1955513477923462,0.05949401068254194,0.4278475332239846,0.09803068984199917,0.3137022728602431,0.3045917039749459,0.27003353239469335,0.0891176315307775,0.28405224717193744,0.014255205550098307,0.02427745349439493,0.011508285269701836,0.09396037614360749,0.37580740562873716,0.018468571866920275,0.09920879723525616,EC,EC.csv
48,0.009683763108070774,0.026037681666887066,0.025725988085529894,0.06107703055517433,0.05904740363612572,0.04183076168947118,0.042470679498388994,0.010762626522806483,0.19162785460846848,0.22562674846620015,0.3241937383048108,0.012714744746895455,0.021403479787093033,0.03983393863675224,0.23088795827090802,0.2180840853672532,0.15639341635737353,0.04516093325814424,0.006284166512184356,0.01642112215296143,0.02054469448769732,0.10774031708130756,0.32694350239562475,0.01075493026337005,0.011550235466746928,EC,EC.csv
49,0.032090875043490896,0.02745978925903155,0.10310920292667787,0.0588175850853538,0.1747968483305974,0.04522109687119857,0.10403038147605977,0.049697910154557545,0.32838214325626913,0.2689776249157053,0.38178729753373075,0.03935867529286688,0.04675314075164467,0.0851011877902139,0.27272821711024375,0.24459081054352633,0.44959537631927743,0.08515094748507596,0.025035136800535294,0.009332046843565802,0.03527510915201475,0.07458812307120641,0.6845607757652835,0.008810822102209065,0.018532021006496563,EC,EC.csv
50,0.07745512515915536,0.129117153349533,0.11858901964855223,0.05222849633454826,0.08140807748512428,0.21953272212203992,0.25291539155810544,0.09664954277595925,0.4122056950153892,0.4680625535280143,0.2731182780540263,0.04015664402183447,0.07911096042214995,0.06830533133087689,0.12305558338700262,0.3674035237511358,0.5451714562213783,0.0482399325960013,0.060086945477336784,0.07170232596325267,0.06506158265926455,0.07610454456383435,0.37117395832034306,0.06702397861632003,0.10140100137647727,EC,EC.csv
51,0.06861033317175709,0.09397655035941409,0.05686629451324042,0.01575810937999114,0.07810491501028903,0.29255710621653874,0.13808172019241813,0.19367982785181653,0.3130938241862478,0.2900605512442074,0.5396814650101296,0.1458840862197435,0.034711932098158364,0.10641558992323444,0.23229982961000145,0.153206561759809,0.5514939943461281,0.1527532425081739,0.06705038735644263,0.05977832100500444,0.030143575945482864,0.048770683671473705,0.3878474547697977,0.08270301531436237,0.1555264813294051,EC,EC.csv
52,0.013916483130597674,0.03478963166708414,0.17644480155821884,0.02102970741656467,0.1280615653710298,0.1020169076604161,0.1393242584659445,0.2702797655164162,0.4662599098769288,0.17400481630335282,0.47531019937150587,0.3036500151100847,0.018219261964470497,0.2549209448569838,0.4776590018044053,0.10518181825952364,0.39283187572306005,0.4667391021401177,0.005736132409607478,0.02075241286345179,0.077054149844286,0.057340502428503484,0.5211258614728506,0.025148302837904635,0.12128586845156018,EC,EC.csv
53,0.008710921452293843,0.015696597546683566,0.02780042395712827,0.0326688847155131,0.04957791118178889,0.040209047322769476,0.20555474205657567,0.17999221981465163,0.34379352594767915,0.1963839541490863,0.2898297774985983,0.18743437264937943,0.05943101283403768,0.11523166181594985,0.3264263772360147,0.13426863291763047,0.1639069739232223,0.18154012490045676,0.010391711027864443,0.009940615143947243,0.020894108325813527,0.0635196997004884,0.26404410839093584,0.011034399508480477,0.048596544916617926,EC,EC.csv
54,0.010242604812028393,0.09201897763738677,0.156378768475636,0.03429160486770977,0.0329739673431208,0.20262723710305863,0.07240619796255181,0.004526366176946878,0.19208631865162243,0.2197836285179053,0.4159922931705312,0.007645784513033084,0.07887246190278195,0.09097983515961185,0.23105281783970577,0.2121994698987555,0.39631203089722405,0.10205516752997806,0.014758597728992608,0.04054692475322498,0.07680386139601882,0.0702250679129828,0.21850030087588868,0.04075036039158949,0.07774244104544491,EC,EC.csv
55,0.0017673922741452425,0.056200393562746725,0.0557292696369342,0.014542088906994658,0.12740897840325588,0.1838112529864816,0.04324215843740003,0.06577802814008508,0.37682991044909236,0.21003563981796844,0.23249724442309705,0.06781810983154275,0.02156257144153023,0.18438805137153028,0.6356042966631197,0.08813154920105612,0.3773316192628071,0.3790569999096454,0.008876697232130077,0.04295721006054201,0.061793209527074976,0.046623267121500486,0.38202390765549804,0.061911141422352135,0.13123325595879015,EC,EC.csv
56,0.010405307460606772,0.07828575795403636,0.05743930566383028,0.006943734476577559,0.11556463238714083,0.305005187648472,0.14587020457884606,0.0842120700865256,0.15587374774890708,0.3154194138164963,0.6588051928924118,0.056544161653806074,0.046229869650377675,0.07039353213292443,0.11448408548112016,0.2739501052833441,0.8256901453367366,0.06433758717681413,0.014408515035634038,0.02898190826866691,0.031433753147154936,0.06619815443947803,0.358882391986877,0.030750150959573605,0.09291235954159645,EC,EC.csv
57,0.01035465394630932,0.026024661830947687,0.06011259270014056,0.050481704475177414,0.09021026879915288,0.04793934727718267,0.05151542839925358,0.3992349945719973,0.15053386627384338,0.28667467092174737,0.27768208031761493,0.3061359818363437,0.00912659517906974,0.19072984240960628,0.2924885900499953,0.18023901866664538,0.4000002907539851,0.23959437512403559,0.00920593275087521,0.008513230211038341,0.02129312118212667,0.10860237632244367,0.37641226758412233,0.005297418943836933,0.06660940674570545,EC,EC.csv
58,0.0010785482460711356,0.015772615859080356,0.009536807770956541,0.03918463041662433,0.09305507624439278,0.036127058681113856,0.20792421724351487,0.3137154532057216,0.15231132875741307,0.3815990979171693,0.6127331351752728,0.18702058670869529,0.06063309204047801,0.25253721280280644,0.1782636468049802,0.35321440801776305,0.5930137952554687,0.18223891348849125,0.002689622135961252,0.007805043343355127,0.014057881129813352,0.07811456028098958,0.3609379573303394,0.007000710598891677,0.04432040628569053,EC,EC.csv
59,0.003633433934601857,0.028937015164368668,0.043461114908449165,0.04363551646667484,0.22774587114300632,0.05828613097760797,0.069389772547175,0.04432198247019113,0.32865449930985974,0.4230528500778582,0.3716048197679295,0.01623695947409256,0.026067036426541183,0.03130565060431617,0.28657156277006895,0.44510765013320336,0.6721147030069525,0.0187135045170882,0.006467814949951742,0.014194641503000422,0.023958813950899535,0.07618330749222893,0.8608669379975757,0.013168195101130818,0.01450171568624506,EC,EC.csv
1,0.1736720569043678,0.27006424606807855,0.5607032725149741,0.03251550885709621,0.26866315462849205,0.6009020887092763,0.4998178574071212,0.15917762149219808,0.20390140898394876,0.34026957143258685,0.5208380558731729,0.10254763273435225,0.23526335597179468,0.136624324964291,0.06372752259147377,0.08014404010291373,0.22777309289581132,0.2991294390148553,0.38675531802559693,0.4482946487623174,0.5039509844009249,0.13025942889898073,0.6802141694626623,0.2565726711499581,0.38152347475994314,EC_Post,EC_Post.csv
2,0.3323261368845696,0.43816924618829156,0.6806101511323963,0.1338063630647266,0.4058839308076334,0.36769528844787464,0.2184280329121471,0.27414188291261743,0.2060684421819688,0.18907656174432044,0.36313683818011033,0.29025382333520344,0.04812945684903006,0.3706850394617078,0.35687991027964805,0.1450684036076533,0.26730259197067263,0.5428865624431691,0.41526752627351815,0.4801868524793183,0.39921956028733924,0.13449914495629398,0.9477005062866279,0.2667404822319775,0.3910623749982021,EC_Post,EC_Post.csv
3,0.03357528833011786,0.048446590652971515,0.4906518854427255,0.2566591288009048,0.15083479449582343,0.020831316529976183,0.19607914160439863,0.30993057566270765,0.2792755407268128,0.3059877643036957,0.09204593850690325,0.22450209771861243,0.03748237359365047,0.19308578100119284,0.18144421866065238,0.23206814386024704,0.10408193549935683,0.19879228627276324,0.04340062212732497,0.04021763566537194,0.16281613892916189,0.16295720665543031,0.38712670007508776,0.01791012129717865,0.05677696001249216,EC_Post,EC_Post.csv
4,0.02712824474884243,0.12025480853794555,0.3403462821028285,0.535060801712276,0.3334978098468421,0.025741646817634807,0.2454658914733875,0.29090322816250913,0.12590738015510483,0.6448355517167097,0.2357120454586512,0.1015778084546323,0.0158190237302529,0.09420380283496477,0.11649459024505238,0.30785424961114566,0.10118675151018307,0.07736905571449376,0.05997750756954886,0.060133922041235056,0.0781786801873254,0.2684382098248133,0.32176222786981584,0.016307001127222994,0.027366197976408775,EC_Post,EC_Post.csv
5,0.06612765228332772,0.06896652434759312,0.34367594919565353,0.36899791781542657,0.23193792798981244,0.0207187902280722,0.2218833671355191,0.06360207126529213,0.18713846238679982,0.5189767500757347,0.551785209861591,0.018569014689887822,0.04722480054712457,0.02082569898971215,0.12739005885910268,0.3711253020095883,0.3288476887807209,0.01513903214753623,0.019073453302300612,0.01670103530284694,0.04790298771992902,0.16645753593820117,0.21753969177410276,0.0068063703447381095,0.0008570276518248994,EC_Post,EC_Post.csv
6,0.0637355926076615,0.10492167725934094,0.7886798334974103,0.22371024873150694,0.2347804745502008,0.05480795082540026,0.041641840174944725,0.09863541861770536,0.1602270134781051,0.4183066075457508,0.604994219093747,0.04791249529162689,0.07746081683029588,0.1281335048777815,0.11182259255821009,0.23736232335878887,0.43328306383487375,0.130289191356327,0.006049118022474624,0.016090184988318396,0.15536560184295298,0.09635781887159518,0.23360941723704615,0.0118172185285812,0.029452077489669375,EC_Post,EC_Post.csv
7,0.011042317295482098,0.03907946494964261,0.28100800722005076,0.3347659954679541,0.2912953084409451,0.011822315967360272,0.03731048651626378,0.1585872780108748,0.14447521686722292,0.298080077085737,0.539794781062665,0.11604127860843128,0.015581006117917228,0.06504459808750707,0.043432795663735244,0.4212344834550819,0.493916830983196,0.04054793797518333,0.002076474791870962,0.01160738330848491,0.025002139122215446,0.11673200703066637,0.2911586263437743,0.006827459246805292,0.013784872065940645,EC_Post,EC_Post.csv
8,0.010982345906647374,0.2453501994204342,0.5965314591400347,0.38677237476589776,0.411782905579631,0.07791908436087669,0.21400891227570645,0.16031751577720937,0.18914182230492738,0.46961674596539704,0.7309272631934476,0.07330991315036753,0.09219737393023153,0.2965549993920258,0.22468581869473883,0.45962814396383395,0.5642627208684363,0.16940865262505495,0.06746198835442113,0.16922661988525836,0.15932022042274713,0.14973774945007762,0.3873887683903798,0.08448793877929882,0.1038108418739458,EC_Post,EC_Post.csv
9,0.009605505891651362,0.0807918535273931,0.20521885083141608,0.3719323180926302,0.22649765019863388,0.02458496220038892,0.1030142670784065,0.11698759442230228,0.1063979719964283,0.3596603247293867,0.15374814997105557,0.06961073142272496,0.033200156909595595,0.1704603331909795,0.13766094293883202,0.4263867911531157,0.29429787184865885,0.10434002633925067,0.05016191943381969,0.08915290905703402,0.045939915003185505,0.14053782181294094,0.17390478692047595,0.04695793169387218,0.05239617268480394,EC_Post,EC_Post.csv
10,0.031005882576026222,0.025576245909708556,0.12157698241083656,0.14439538795142176,0.3515224000715274,0.019221482750489235,0.16665749386580336,0.27173134233582386,0.4570575315234236,0.2139656666744554,0.8586746051153614,0.2625943625974758,0.1387303641328173,0.17080493354362297,0.28085856086843525,0.13288193100942403,0.7150319384697983,0.2687575841198059,0.006983947312490541,0.005454257993048191,0.01197208663521751,0.04794128556589425,0.459687954842581,0.008162648463384683,0.060936078158156604,EC_Post,EC_Post.csv
11,0.09734799763475127,0.12877881253290918,0.08390179656488221,0.41260838305879893,0.34047630381379385,0.03682283248992145,0.4679157722725527,0.09652194050325427,0.4880931019073061,0.45642233132196586,0.5660893856578774,0.04152907072077111,0.34126697683395935,0.14550865034185728,0.12845240738141567,0.36225715874483927,0.37374198019878835,0.10308909257530766,0.05503283900240077,0.04891564231293285,0.047932886825633604,0.20197967130831804,0.39407773729129425,0.017635197067371718,0.026566927614244278,EC_Post,EC_Post.csv
12,0.026174383567482234,0.036730691511496105,0.22760269464367328,0.4594918713394294,0.5718102225504239,0.00694540341775452,0.2193339688416949,0.07960485739097128,0.5965523337698504,0.7660178427847516,0.44655123712731404,0.010610415912695764,0.1426907304597828,0.0838746485230985,0.25759888167291556,0.5161497718394803,0.34698798086640864,0.04313703469057027,0.025494637370814567,0.019137539574257807,0.04772502705114081,0.19516960326449817,0.5830322483915518,0.0066011058967932355,0.0,EC_Post,EC_Post.csv
13,0.01641498835453057,0.09940455601509521,0.2241230297013392,0.2842559799540888,0.3694338787132916,0.04091958709866773,0.07847963818590706,0.2075004480988794,0.2405673303267059,0.52205145455625,0.7112929895363308,0.08732776347945122,0.026139887028082915,0.21494464436616875,0.13598765124271586,0.3286026466801111,0.45530788007822204,0.1652814255061112,0.009067960573009426,0.009840459125605655,0.036714586146333966,0.11806841739561132,0.3588587798419742,0.005630068850355045,0.030073986064556787,EC_Post,EC_Post.csv
14,0.006810843437708656,0.06555912585241667,0.3669800215975565,0.44132632309038256,0.25136657127863415,0.01581871534765824,0.11789982073924311,0.1160655570766427,0.2970292031189664,0.4544390876192407,0.3776768800987117,0.05229555130097194,0.018464170117138322,0.047102516356269275,0.307735490577756,0.3321892970467035,0.3165662821849985,0.03676527741944877,0.0021433739177014388,0.014369843632415563,0.053141691379607926,0.15162914274877998,0.2615577766378586,0.006407044284756798,0.006085896526823859,EC_Post,EC_Post.csv
15,0.03400551125493406,0.09071773032506501,0.17895378997668074,0.25151338001622453,0.25555012536266425,0.04197888123742545,0.06930224192809335,0.10698185967504595,0.21468157882121833,0.16755995152713835,0.29039731567108995,0.12922497032030095,0.02251458474184213,0.25781651485690227,0.06597887730873431,0.1959871309420716,0.3498047043293814,0.3025476882672223,0.006236426566571253,0.013406557799288739,0.01320605928061724,0.10720270842968589,0.2040488408395203,0.008740183958934545,0.05402886959886989,EC_Post,EC_Post.csv
16,0.08099216367345105,0.29292851987494156,0.6196876711296052,0.3105303011894172,0.2042289148936074,0.11566594647722125,0.04652809990135394,0.0371277746333528,0.3928956098303139,0.3055429246691541,0.41840547429772534,0.023962954903222,0.030364094200337987,0.1397565151869217,0.17217661054572533,0.3931483547806291,0.3578976153914723,0.09210725580626862,0.021115990527580408,0.04108444344870341,0.07701294718337234,0.13437595758992724,0.27324306720711583,0.022239789596863152,0.04407858798694131,EC_Post,EC_Post.csv
17,0.02012196045297068,0.12950531878306007,0.8468787826671069,0.2876931098106741,0.5583266066896567,0.0534747933164874,0.251239173435851,0.01944201955887291,0.07356760608364764,0.17990693776395786,0.2738441640038211,0.028755197330247534,0.04515202381991299,0.0013475655687888418,0.24384813990967014,0.26286314530844823,0.3092404929879533,0.0031294105602695946,0.005652160518110001,0.026188381573184906,0.14827637376339106,0.12436096227219688,0.5103702493052821,0.015089226386814734,0.01480503353035379,EC_Post,EC_Post.csv
18,0.005872811466645159,0.11456814234818108,0.422258654301363,0.29124658648241813,0.47240203928732094,0.04642716368692149,0.02449838178030318,0.04081333806563152,0.058582575049400634,0.3337180955073151,0.42162527450663745,0.023077223240077126,0.011760973240303205,0.09664425182241064,0.07669313467818292,0.28975066749045314,0.5292165548386549,0.08358926805998863,0.002868788304540194,0.019630738558544095,0.07639443474247358,0.11836478739718158,0.5199349495422453,0.011752869702933324,0.019126271888371085,EC_Post,EC_Post.csv
19,0.08258302845802194,0.28644011607425746,0.9999999999999999,0.12334122704655216,0.31165123791979193,0.2568275970858072,0.09503440052139787,0.14731980388742344,0.3930259359893676,0.32242960869981585,0.40225507919100245,0.09972109440035803,0.01737655722305896,0.20645982631154644,0.5441278926320696,0.2927680714512953,0.3072343384811548,0.17525802856168893,0.02125031271181101,0.04965703937000793,0.1497335238928141,0.06003716522908768,0.3551404598864341,0.05742370314014833,0.12334087475097867,EC_Post,EC_Post.csv
20,1.0000000000000002,0.14270440368990608,0.08355938048717608,0.14946194009279953,0.4544867975685176,0.10843879097239269,0.10835095921745384,0.3475376266452488,0.18108275863882897,0.2642427761651377,0.3271827783292752,0.2844289128377192,0.1626252481114176,0.19860393418611627,0.3610255171470751,0.18721882488332833,0.3234332536031184,0.24218883171090322,0.4551220479011265,0.039678280380982194,0.04490942745436549,0.07208715703419077,0.497925466364839,0.03893477502372001,0.1058963878690511,EC_Post,EC_Post.csv
21,0.13538639269516245,0.08628994851311296,0.14931476989741785,0.19847367145365163,0.4383704711760923,0.05015278028485666,0.02936904232308658,0.21753042923862545,0.2879821839504959,0.42637796608021405,0.5450967279130492,0.11412454544320291,0.12679686787168012,0.2331835718197298,0.3049013205339122,0.3292900051533546,0.42379751154547757,0.178885392781554,0.06529398269563469,0.25329929807804885,0.47862274376859604,0.15959545955331275,0.5437836706365189,0.11935323345173865,0.13350423444301263,EC_Post,EC_Post.csv
22,0.010828153710572138,0.06842611787151817,0.17955061792338325,0.23529730396248547,0.4681002475672805,0.03326133233190385,0.2661784170574599,0.27957619425274516,0.3960130209100014,0.16368116274332664,0.4816789602845786,0.3272538696034766,0.07667399290794638,0.09127060520174224,0.0905745756688812,0.30259855856025075,0.4288402367936382,0.07612963226277114,0.012730803078580297,0.05208085333819632,0.029422041554957243,0.08103183084217284,0.4113695994591399,0.04592841416811875,0.08149074823393028,EC_Post,EC_Post.csv
23,0.005194596347080971,0.1267621942808464,0.1510805885108818,0.18284528363358787,0.338421793838287,0.08037177444922068,0.23899253329279654,0.2596079607395413,0.22259381038160952,0.307638183576011,0.45365073697576586,0.18662170526844915,0.10382927862097457,0.15201501222466549,0.14978360246392033,0.2454960001208401,0.24888519686196464,0.14995989702739226,0.04729996317500191,0.053538641324858,0.06786839771376788,0.05653302972032323,0.266532052404435,0.06525352012018396,0.09954058611154389,EC_Post,EC_Post.csv
24,0.02492441815358117,0.09336016802508741,0.29044387642537756,0.2713591342701665,0.5157939604816584,0.040110712080711965,0.038481284346256195,0.21119730121238714,0.2832584076038118,0.17848944151066545,0.7918145019426679,0.23486374004094615,0.041478174303696394,0.3358487002565583,0.3076241223700637,0.2294184064376883,0.8188347841063948,0.34723302996627764,0.010972439570951613,0.01991791963002861,0.046142155198762684,0.09967112534893555,0.5446935642951858,0.014225312518368526,0.07635364135860816,EC_Post,EC_Post.csv
25,0.029472648925555543,0.13147536389962713,0.3708279079862266,0.3421088538596034,0.28046128320830427,0.04569268593689276,0.036395625828160694,0.13475722834899118,0.39805662308813616,0.4088250719481784,0.3271741874896154,0.07052198312949043,0.07383102563601342,0.2125299393502168,0.5242835243449226,0.37967027498492834,0.2888856152086924,0.14410074211330595,0.007416148546266421,0.02848383833418016,0.054172158654541634,0.13013993426721507,0.2776394644447674,0.01572268670995852,0.03516339905345949,EC_Post,EC_Post.csv
26,0.031531797729602073,0.09671754585204911,0.26689942229501346,0.386140637898418,0.39101838932379696,0.028854815784538534,0.08138470623336463,0.18666367930521274,0.29186534148940096,0.13921003995872763,0.2880572983817732,0.24764925359583337,0.03194367022477607,0.23010191865482113,0.45854911544118726,0.3720346419746891,0.3325486294604736,0.15876270934225234,0.014111005016137252,0.012568010489441766,0.033207631135583636,0.13683896017310526,0.43129008165870447,0.006214970615855125,0.04673447671868844,EC_Post,EC_Post.csv
27,0.024797979103243994,0.18235237175771568,0.0547819360036339,0.2679743449071922,0.1995238487322008,0.08175253440749633,0.18101200408695517,0.12728518125124086,0.14889167616328808,0.09212285080479163,0.5409610946449409,0.22319657767589215,0.10725300860225445,0.036805727276781844,0.06438101907456142,0.18876306601105527,0.4189614343988046,0.04718335005725848,0.018835503748788673,0.024503476360237312,0.01019045881152213,0.10301004091746485,0.22992155993221508,0.01702759546191574,0.051367175967824114,EC_Post,EC_Post.csv
28,0.03644655230968083,0.11902393975382404,0.159642646890106,0.5254709248615104,0.34497525078538466,0.025962454843745784,0.10509015620937093,0.18738429580488003,0.15829035851074333,0.12562372141975678,0.13830627818282148,0.26532151009314964,0.16153809123139565,0.06448818096439585,0.3367153985378954,0.12446369780156755,0.03994442570621236,0.10937783220283134,0.12617599509284494,0.11771563346070943,0.04879221830351513,0.29871366864539006,0.24887648127078993,0.02954852441743705,0.062330896040993275,EC_Post,EC_Post.csv
29,0.15042465684079187,0.08759197283991645,0.7744344881577732,0.29594865743383353,0.3528085686683981,0.03429093350931366,0.12790895814409267,0.19353336000466562,0.1809490811306025,0.4413007531705533,0.28704812359455656,0.09695692260880315,0.2322581663783985,0.1142031043315803,0.0843346764264139,0.19357797209232808,0.07783654080207823,0.1370170227532345,0.039942689393159,0.02943330322078436,0.12046533826097601,0.11357327421635885,0.35305732030047865,0.01865317373115161,0.03758621159723589,EC_Post,EC_Post.csv
30,0.06923585661798874,0.09486258683392704,0.1815037016722364,0.5113634200390905,0.2008474974521739,0.02061566007212819,0.18880594172242904,0.3373813290651131,0.27876396126703257,0.28357762283094823,0.38381840268707557,0.2606992637975005,0.49030433446707944,0.627700101179939,0.32737021566362734,0.320925836215492,0.39367202996428796,0.4902094540761814,0.08678236978208737,0.0683527861625567,0.0574793812125674,0.194420907852098,0.499042467560085,0.02598784074391875,0.10192906309238782,EC_Post,EC_Post.csv
31,0.048837498037825305,0.17180471633334088,0.46391600719263393,0.34971959832558297,0.19024660040422053,0.05930933547450429,0.3361617542335017,0.26560190380899606,0.5066271331755661,0.4515803217032931,0.18657661727258829,0.13358953673818091,0.1354550369034525,0.49594214322956476,0.7879458022703505,0.2457594475358128,0.13464845647091667,0.4839872097181378,0.1186640802324495,0.15987276798135047,0.08839314771754339,0.40866479546425694,0.6630559216512337,0.029483348531293616,0.09704403130200147,EC_Post,EC_Post.csv
32,0.31029282975495065,0.20122399366415147,0.32391671175838266,0.2276479430710007,0.11301619940215792,0.10537682575949589,0.3310635551929037,0.029063579195950262,0.44594780804945217,0.21157226158060896,0.22192235346260353,0.032133792333273015,0.9999999999999998,1.0,1.0,0.27854226793432374,0.1623738719369302,0.8787160783206276,0.18415323905467382,0.16938095232704958,0.42999920892523935,0.14444164820326624,0.1223710093254317,0.08752346653799924,0.18988417225912724,EC_Post,EC_Post.csv
33,0.013980548317613174,0.22341093730843206,0.2656560138812857,0.25594620638314947,0.5917970142902014,0.10516617992608253,0.33415117507004416,0.0007496830395736578,0.31168391836558407,0.26569443839798557,0.735563238391421,0.0,0.08670919400263619,0.12868207381221416,0.3211873996276725,0.18681460947907433,0.7622729222568628,0.15831566771514502,0.018310830476022458,0.030930607512019526,0.024657093237791278,0.1091321041268547,0.5265265799143432,0.020417678620576696,0.04505440520953123,EC_Post,EC_Post.csv
34,0.024660306378755856,0.07843006035893202,0.07321094857966272,0.25570241244842606,0.38090759248675615,0.035370685414434486,0.12098549248646502,0.09073540309677115,0.17947628081630457,0.30693648272274376,0.20040810956581961,0.06310904031501247,0.06302467458716465,0.13167873440287906,0.12582148500750154,0.32082448236240585,0.1906692399916236,0.1038408168802378,0.004007265561202179,0.00801226851767174,0.0046473872208202364,0.12081989930791347,0.3621039829667621,0.004355508390892454,0.017690450264778924,EC_Post,EC_Post.csv
35,0.01747226638452214,0.13023656638821246,0.326737719801105,0.2996107468882565,0.23913192726552657,0.05167591959107396,0.033765055739489534,0.19138098322873798,0.2232984936339943,0.42027421816236976,0.3694937901655497,0.10080706294134686,0.016632686627373428,0.31284161269508864,0.3671929691156468,0.4917301575124167,0.1957824128022626,0.16812826818802717,0.028559364109885202,0.027035533911198565,0.042900182500984305,0.10454382876786902,0.21907667979038642,0.018559121081923213,0.045350186931156306,EC_Post,EC_Post.csv
36,0.09143577336556673,0.1672010840561724,0.11044594981219237,0.43591702970988,0.18634530830020912,0.04610149055555743,0.0606481030994183,0.35033545986882064,0.4856508854433533,0.2796842454093813,0.36331511688296597,0.2738616441320151,0.03302324237211394,0.1831941207815558,0.5064769304871362,0.38388727823803864,0.4327959577539748,0.1231054702213343,0.016754221368039352,0.020713894541240466,0.020389721289165108,0.10647513464906386,0.08331685361204653,0.013855753328327435,0.05598805315481907,EC_Post,EC_Post.csv
37,0.10506861550235573,0.0746092620818617,0.12923685984402875,0.5863188822858197,0.37525427856647536,0.01300823520226159,0.16419100087384822,0.1517416724723538,0.2180565496348534,0.21942577940130734,0.3481023333699259,0.14537495790971885,0.04829613776851406,0.06269802307585737,0.1533878648592032,0.4001739333235174,0.4142223922503634,0.041008249900347515,0.048143747786266476,0.028839886742368252,0.019731115432935663,0.18585561445110055,0.23877026374232818,0.01096888743896951,0.021184735614661117,EC_Post,EC_Post.csv
38,0.037632156539375086,0.0617422297972386,0.19755028465393437,0.2769189636960276,0.5124851839437757,0.025110497051925362,0.03967902273897771,0.0638326330042818,0.04718999198453032,0.3963442466967616,0.23593895199156195,0.030382913180030613,0.029267471034845945,0.08440559018949025,0.09820552410768381,0.24048297361845022,0.15490936058138982,0.08566683004423666,0.056258085063168,0.06170645308918199,0.12422579083292387,0.1655139411319625,0.4431648281769674,0.027474258236463444,0.029009390939175962,EC_Post,EC_Post.csv
39,0.019200432918258258,0.18734858849732194,0.33771497161378267,0.3406822308828434,0.19951959107603684,0.06664570816703028,0.14756633546912423,0.0465839244495416,0.21152451370388947,0.3125702774524629,0.3984989763957858,0.029907601764269286,0.07495189255763662,0.07051236158214912,0.2858595749037307,0.2780958105440886,0.23083986204391982,0.06361956821200915,0.023819157963913287,0.051452886309136935,0.08664467784927446,0.09510008834336299,0.13255430659144163,0.039078999422195754,0.04520664565591065,EC_Post,EC_Post.csv
40,0.012072994600572528,0.030814392395298165,0.2750196630432707,0.3910676506593512,0.18739171468036758,0.006906574628633756,0.08707835246506028,0.3033296427480585,0.20658015846106223,0.28915328554003683,0.20504025450156294,0.23041747903711265,0.024423013535784282,0.19593443713964273,0.08955204881080059,0.3658997754865045,0.15126668118202785,0.13729948911001189,0.008195677783971787,0.027226041968235117,0.05649754412437511,0.1541936083595367,0.13686465887300225,0.012582144253924859,0.04280692635550186,EC_Post,EC_Post.csv
41,0.19145758032298457,0.4099686071284863,0.39015179083749574,0.5236520302371663,0.32651052623329463,0.09843461170682948,0.02788255485775146,0.15119316260324656,0.23937774231464165,0.5070785134516921,0.31139885719172095,0.06252811331197607,0.24359259505244768,0.4253315271226087,0.19729629045366506,0.5695188864913103,0.23112777474858076,0.19992800867584046,0.08704046203992404,0.08186744091546039,0.05215328248323025,0.17591461955012558,0.3482596435638573,0.03457236733761421,0.06808415956448689,EC_Post,EC_Post.csv
42,0.05660423826209768,0.31046135071766257,0.5031341277230462,0.47591018076607894,0.41320530712832854,0.08108196974920828,0.21338183419754853,0.1555149635906678,0.14185088702328924,0.3126091845719665,0.2431430809941985,0.1087121432835601,0.22852542650780386,0.271782947923241,0.16787325956446614,0.4544426663173779,0.30814621498394457,0.15687438535933532,0.0838203090662672,0.06363587555346585,0.07098197695184985,0.17300757685949733,0.3295523322475673,0.027134478345532086,0.05863366480028141,EC_Post,EC_Post.csv
43,0.10396974731671797,0.04886665238034095,0.2755172003280103,0.4444750934965081,0.5953723317126783,0.010837271706155935,0.04988506591567132,0.3101903533598255,0.21749309519025709,0.3612741057570018,0.4827823652700731,0.1942630089425202,0.05502775648131877,0.15763764878936107,0.176428518658915,0.28278570448947987,0.6869557074172966,0.13817220921852355,0.09844382023225517,0.01883050461686068,0.026821229335053487,0.14232935100809474,0.5407536180174637,0.009244998222794228,0.03651907292358418,EC_Post,EC_Post.csv
1,0.2277069985133865,0.32179462795951314,0.15422341493598965,0.08157704855127994,0.11931318383767588,0.39839916762212013,0.3711560221973411,0.6907695528752188,0.39709744730314256,0.2912988729340119,0.4489400562348411,0.5246101227411303,0.36238980997331127,0.7643541875527217,0.17579837947667767,0.2047302744335816,0.3384167328504702,0.8613452378885428,0.2192614309172503,0.23519931729743865,0.25315965139295643,0.07411925758337538,0.19496818684205758,0.22535407861786821,0.42816083650428566,EO,EO.csv
2,0.17086713584189483,0.0190161957708875,0.13969219806716757,0.156902300331688,0.3323420630564558,0.012784713411963047,0.21540622682489816,0.1956031577000894,0.13291923180301535,0.29074893792370726,0.389860070049041,0.14704542094958653,0.3314678778463497,0.5136671697917107,0.16424358570317155,0.10707205555783633,0.286624096939461,0.9236692854889416,0.053291385992002525,0.0195965967876887,0.04442587843895675,0.05624417448985282,0.2738148493214283,0.02418289991504763,0.1353297232648738,EO,EO.csv
3,0.13976991935245914,0.03738344445109202,0.2631983453951171,0.0905169378633124,0.24180365788155017,0.043423517387774946,0.70285800607048,0.36414483955030796,0.15953588677472272,0.16948557306968984,0.20843061936356116,0.413372560952868,0.3493479340197187,0.18312735663493968,0.1712356053379827,0.05196380156134056,0.10196949839951745,0.5008521473333344,0.1011631127404452,0.027287729609676854,0.02813666203137185,0.055077464156681036,0.16818365270013064,0.03418738854258852,0.13365103928590344,EO,EO.csv
4,0.3467133669978872,0.1335001832027587,0.037100572263867274,0.06796726949301202,0.12034296565742446,0.18965795091780382,0.16732407444143915,0.21522117700366922,0.27561554905863067,0.06490130948971048,0.3850347674212503,0.42488684910592045,0.02777146913339831,0.2048956261372992,0.3659049494242703,0.05238805979852412,0.19165986912736382,0.5570383409592016,0.20020092942755544,0.07329566476399814,0.019664986554916324,0.03883924023559679,0.11280849220927171,0.12234984751474431,0.24804080359122582,EO,EO.csv
5,0.03880007930895968,0.1115400290277413,0.08438699126932449,0.04335103258032105,0.14248784852959162,0.21367158823112092,0.07020712080800438,0.22800254758376645,0.41767563305631683,0.2943752903878587,0.4263117192924266,0.16995327891942497,0.023488690983459168,0.11527970633842716,0.21197007133456994,0.13741923748869833,0.20644538695135622,0.17865117866742697,0.012298122273892542,0.027279416862389702,0.01670047061160272,0.025712402856059493,0.13148832447647107,0.06381417302393876,0.12840222143039498,EO,EO.csv
6,0.055591549798706424,0.09380822726404991,0.14803147399547345,0.07634987099943363,0.311447322078831,0.12292222457493661,0.08889925296649957,0.08323780933450055,0.27113597110802345,0.18139584537802608,0.712865096239863,0.09621410685625287,0.0191303852658409,0.07401821030744986,0.11897180711307795,0.14412235375337684,0.3343450227184844,0.11243099421407048,0.023286672141185037,0.02027667588937074,0.015208748122092726,0.03077143307060545,0.23339708803212939,0.04171684978451473,0.07335388971528503,EO,EO.csv
7,0.1389570943418152,0.3261785346893592,0.07481229819901367,0.03922911809057765,0.06996544993211813,0.6538155337028564,0.18083247226952628,0.1918656445909779,0.07470523972072836,0.18659475097948916,0.4085104481115226,0.20722391797327816,0.031807005028081745,0.0830628301655464,0.0255347113734569,0.11153740367186218,0.16614275233542264,0.15020037675146566,0.17978839104371333,0.19311078455973407,0.0520744175525182,0.031470956325892196,0.01671741956407813,0.3786340552183005,0.4920266349055218,EO,EO.csv
8,0.016794377142905798,0.06332897059397051,0.17199787987086804,0.03317884798733359,0.23373136016870277,0.1437171573406083,0.17211933510487934,0.29181173105486446,0.2686148663770157,0.18446898023576672,0.27624399803429855,0.3140036834175872,0.028822230124482193,0.11517563872938479,0.14556821260186947,0.1466862954660874,0.27119036074483077,0.1703149633805876,0.014579868192247939,0.01219540110734942,0.01935425340247135,0.01005742599705483,0.19682662189104788,0.05422930513801381,0.1217357736626029,EO,EO.csv
9,0.543484247957593,0.9650643408223422,0.9739075574198973,0.130697815776263,0.06011093820941542,0.826507959414165,0.5970606175376173,0.7148007150818123,0.25133292035368354,0.21127494034956942,0.0,0.690407476151728,0.014453675164210771,0.2059124300752723,0.27307837642030175,0.10462753259068094,0.04263626038572972,0.37945938335445717,0.6851946000369992,0.8556330994195704,0.5746873695656884,0.25206529382890747,0.30861353232097927,0.2613752993250643,0.5152546373807172,EO,EO.csv
10,0.23551385654215498,0.1774080163195741,0.471979537892525,0.06053736190113056,0.13833209270123736,0.2724212970019922,0.5349259539192239,0.12531088448485822,0.14388655922153054,0.13046161376034257,0.14670383821246036,0.17854440797904775,0.023636586161387467,0.04057542894999396,0.08535630927520912,0.07636486120125935,0.1597590261192091,0.09684063578843156,0.3082862600928378,0.19966298560407503,0.25213574943864536,0.09190246976846585,0.1931201405209798,0.1575236684064859,0.2121962660707108,EO,EO.csv
11,0.1294949115652469,0.29643142541983986,0.2356416617378815,0.013544849224014204,0.316729499203765,0.9483576845325434,0.06158751360752257,0.0662101391848994,0.18182744348557475,0.07854409488280531,0.3562928238875029,0.13998511846190287,0.018573346678227687,0.030564036681841544,0.16335425897960423,0.05872279758436899,0.25077418557752734,0.08652524939688887,0.10727904675968532,0.27809996168587,0.14265119061120288,0.038022148743447295,0.22072105590596425,0.4695483042784987,0.6172197687624312,EO,EO.csv
12,0.01929285690110322,0.025598364610173716,0.17266583727046908,0.05246912761060066,0.11863624955654127,0.04595771093221125,0.14180132477675994,0.11567343859615245,0.1747661249237811,0.25190718072948937,0.11579789108583165,0.098657015989536,0.07256825184341627,0.05285400719186494,0.10793944630212735,0.2146987915564571,0.13012116367276988,0.05984045110260664,0.011046147785016244,0.018265148868385518,0.028751887566187614,0.0385584183991798,0.05249194954344631,0.03138339562078872,0.04213839369493691,EO,EO.csv
13,0.17847483398206207,0.2666101205739879,0.10631661627704984,0.0876594106624701,0.12027049169803301,0.31295012542870176,0.014896608613726808,0.333871704031398,0.1935625667518596,0.3020827258408788,0.22037273114561934,0.24474270463788514,0.016303931847651786,0.12618103018080878,0.12770146987410735,0.22411665184623292,0.16748761295187842,0.1344703347189685,0.2815389269264718,0.23117173825746465,0.03744112627154306,0.024067753875045488,0.0359375096768242,0.5529073878754298,0.5692034798165676,EO,EO.csv
14,0.1470106599416565,0.17922436372512351,0.0543533709004604,0.030599968194227885,0.12064312837079909,0.413527920995423,0.04995554187760802,0.045975047222077015,0.13279659502557906,0.3674984669461655,0.2561884897363781,0.022630598931015412,0.012484185814902465,0.07522505853034812,0.19898766497366313,0.171030386395839,0.25313471953928457,0.10051136152485689,0.18712809960056648,0.29673082708145426,0.08390532290552924,0.029291278183165754,0.1087162413525831,0.6137129705012023,0.6115518010670123,EO,EO.csv
15,0.0054857775970982865,0.05583718685287733,0.08857161832786972,0.04485686131575682,0.26377075763636726,0.10676361218260805,0.05531298996645717,0.04167103641848523,0.1318936933139916,0.2710721219960178,0.24165156417172462,0.032514680342202125,0.025628072961131152,0.05862091888789839,0.10459939103165458,0.19208459424535845,0.1920114021651465,0.07226593256163351,0.007604047615496239,0.00475636895591249,0.017158032927416956,0.022738068837352913,0.1571548613957371,0.013935244507523386,0.033835075227531104,EO,EO.csv
16,0.043028966217078135,0.03778504063724845,0.33525311385683265,0.060499351824166686,0.23570287086031305,0.06000936497451992,0.18243900458972243,0.2754059915114425,0.27473700152037667,0.3089304257391323,0.3205861587693943,0.19747254622347174,0.06293405243726982,0.20226951129289877,0.2830754731499971,0.15679184656530512,0.28258833250170645,0.2818290618599693,0.029594990699684853,0.03354361624982099,0.1178550781796739,0.04249746917871673,0.12124147305089254,0.052431295229387345,0.10092968535442823,EO,EO.csv
17,0.10843437089881369,0.08677709206969546,0.16578230966902344,0.029368441062133214,0.3252241684919237,0.2076651030063924,0.16068415090864072,0.33631301203450514,0.0764574853422093,0.1480089525314522,0.29148324848077883,0.4182571461962983,0.038000432308620984,0.25510017650306177,0.09820496456609383,0.05332646384483912,0.29691561553415147,0.6852398876330172,0.07880428148293488,0.062155490021618146,0.056478708792967465,0.028014054143981646,0.2602423141428693,0.13421580434468683,0.27612479197881534,EO,EO.csv
18,0.0033917326752073386,0.09309208758845743,0.05135638063294863,0.031138244518271966,0.15033198629425643,0.2157449963913801,0.05753007349824739,0.37882500797529717,0.22619647099189336,0.13115421947426828,0.4365231995727239,0.5060158680341917,0.011419950921330215,0.24217695862454677,0.11633666587905273,0.13231237849476146,0.3157040859535218,0.38019611794523617,0.0013702273363544579,0.011949456425088217,0.008764561495440302,0.021520585560811625,0.1425536371750193,0.03308272487318541,0.16714587367562161,EO,EO.csv
19,0.05015452755012231,0.1673381732555658,0.38526835742338345,0.11734134262927572,0.13174843706058786,0.156141067908969,0.5934581366428867,0.1659484629441033,0.5146738438357995,0.10471547490463601,0.2626898762880545,0.26415929901273993,0.11513800795992495,0.10446626527659568,0.35178900643365074,0.10560672395972967,0.19657122647658537,0.19430587052769369,0.06545967921341844,0.13087661624381022,0.08687062707763914,0.04920945373269531,0.04417980953687174,0.1790820220498812,0.22718206081500164,EO,EO.csv
20,0.009286386375875305,0.06678139398906362,0.04630319165661699,0.06523615523904783,0.3071359625595242,0.09872995027007073,0.14535860281510776,0.3280268111700986,0.3649545435586569,0.13935272591452177,0.6875734844770585,0.42413828145995147,0.028795482398056238,0.30052420667011825,0.3439275043548329,0.11248843703414946,0.5421820561025515,0.5255565341110076,0.0031887411629745923,0.006971209557282561,0.008836587918957852,0.035823231669833366,0.2569191426858247,0.013411086824491951,0.13213080168506608,EO,EO.csv
21,0.00898390910102835,0.07314808526938425,0.045535007338447966,0.021111238835047865,0.2220554989925535,0.20525444441192714,0.21280234505541565,0.410912996438187,0.18850674883221366,0.379367535970896,0.4668773909494486,0.24853153656013202,0.05338529793968873,0.32855951372629333,0.1790393020818602,0.25863605580500093,0.2904049744895721,0.30820320297137355,0.002281368561560493,0.011383001489689529,0.01152932865173749,0.024191807491785854,0.14501438586803744,0.029006965460462688,0.12167643789483622,EO,EO.csv
22,0.019188108905684006,0.03451885399579639,0.06951960482035478,0.0695183867675991,0.09150177376408165,0.04962027051100791,0.08329417274791129,0.6291053204399769,0.38747586743814927,0.20590942573557883,0.43143408779558823,0.6193604861731512,0.03225953403379015,0.405158698772155,0.23911184800062024,0.12985890072737072,0.46049580113726357,0.6411061622957958,0.0040789323909692175,0.014069246310124267,0.001360851887651522,0.022829383040476273,0.15298441762213827,0.03693319357026595,0.1787393601379587,EO,EO.csv
23,0.006970992561651191,0.02951982887730438,0.006254308346058361,0.04305099597356539,0.10392983751634484,0.059889603744491704,0.07673131700619588,0.23773167290778716,0.26116358526335565,0.1907999658351255,0.5645135663037345,0.25093780788206266,0.02528515616111886,0.17669095882049426,0.2544172875929018,0.172445686044078,0.35827391121107344,0.22979387985981903,0.00018216227440169422,0.002581556059271484,0.0,0.026196120601427234,0.06479382386173853,0.007572727264288867,0.0632573537398554,EO,EO.csv
24,0.015373302505216326,0.07432296750244811,0.05257438200996621,0.032845540535519024,0.09566165750157381,0.16860636772345125,0.034318664346010254,0.460457944605719,0.2271987659117412,0.18446842112025488,0.3518716286445432,0.49119679060157284,0.020339021549747593,0.2064716203305877,0.13804580066228897,0.14292457677438916,0.1442840234022567,0.3075900236917896,0.003433062045977685,0.012869380794322448,0.009196735964704411,0.020000915176209926,0.043534193200567436,0.03734965127409792,0.15033634456490574,EO,EO.csv
25,0.04613005589891131,0.2710309949665787,0.1326759326552985,0.049624200819000805,0.15559479652781094,0.4723995092833664,0.05910080288712839,0.2753334792014812,0.42930097660243116,0.3217617107811106,0.2742487772924294,0.19052570633718555,0.030134992265279156,0.1711272637799805,0.16838961039372466,0.20052282169657448,0.13880966556559432,0.19825177157195775,0.09754545784206259,0.21159147525999156,0.09783975677186604,0.022595981130004866,0.16203674938600993,0.5294503675263637,0.5845213638055412,EO,EO.csv
26,0.0018568892023018819,0.05328977449761787,0.06426474312562024,0.03211602983855966,0.1778781771105986,0.12399112114348375,0.10909559588191245,0.03307558334455993,0.21956491401162784,0.24525526211177703,0.49418580688127045,0.02966210273342529,0.038801202759749784,0.03366262573989685,0.2415015812928642,0.1339420787682174,0.33700457608625406,0.05649100170279995,0.004021871241106911,0.024169567917889833,0.011881544985803738,0.021978380574922286,0.09318213643905511,0.06363078230571315,0.07757803226335486,EO,EO.csv
27,0.010702513625532435,0.035307299891287086,0.08930109179487294,0.05065286980910966,0.16409454546390545,0.06368281033811173,0.1470857711415785,0.18684552626468298,0.3952177780159112,0.2242938470635856,0.17495392802881476,0.1750922095091074,0.04410960202259569,0.19045654097122455,0.3179952924309847,0.0793450773695924,0.15606191771772066,0.41644212583007983,0.004938349552197643,0.009246879631849118,0.024657515348024923,0.02550934867430951,0.10424697776918145,0.022981830693795974,0.0896569126616986,EO,EO.csv
28,0.05918277270234372,0.04762777959901622,0.07616062252782738,0.08290997717856033,0.09673506961430654,0.05916574424151018,0.1628617667108371,0.2139113596309993,0.3177097451782403,0.27682561750744183,0.2917968094297115,0.16806123925573632,0.0454448691654516,0.14610590994695766,0.25360023476503707,0.14315663016807173,0.18339421526093796,0.21870272111250041,0.016127156213844092,0.008049415543506057,0.03294519896514256,0.03737154147269425,0.04316083508871717,0.014762531843018685,0.05782209929115438,EO,EO.csv
29,0.02758799823906303,0.029571917303254862,0.15732616256240614,0.07022240445974487,0.12068779236556092,0.04243913054487395,0.13612955613788597,0.13254017406814048,0.19882500898610933,0.12756158784112062,0.23730679942996458,0.19070155205550762,0.023333699495366667,0.13354631247954948,0.17381391632172769,0.08843404890215736,0.16245890380994593,0.2758909339035439,0.011026565563047997,0.011085792791206776,0.018998129736003982,0.03115410243250837,0.07093360527702795,0.02321630931092859,0.07080752420282392,EO,EO.csv
30,0.45686035312951884,0.3342695092288256,0.07396849215345004,0.04982505935784974,0.2531870081298601,0.5803339912407409,0.057603216848402736,0.16968715281407462,0.20471370442122708,0.28361429985679776,0.23071263790518387,0.1301501444642338,0.009918504408566899,0.09548307277453004,0.1154529744765457,0.2034416901226872,0.19964525707156877,0.11063315992405917,0.3638044169481535,0.18544958316483814,0.026815771261725838,0.0346484789820085,0.20197703702337289,0.3374491780485558,0.42719090954203653,EO,EO.csv
31,0.00230797488695418,0.036060946013427346,0.04810704876426434,0.02621881987473137,0.20300180824951342,0.09527541733898276,0.21567994809255223,0.2177190261619261,0.20215074002199804,0.21368257585118658,0.15922453713499374,0.2114128739013864,0.04367407976851885,0.09447892370252003,0.18717487622199616,0.053077985139320646,0.16161370526496516,0.2606128475793856,0.002312480402510135,0.006405453912416445,0.016710613367155604,0.026423867788855877,0.17046875799683142,0.016032537932652382,0.07685502372720038,EO,EO.csv
32,0.006639324448440332,0.00772977764139172,0.042433595528008614,0.11045653656333417,0.23791489621489015,0.007507170405343005,0.06893154142244617,0.2221135371041513,0.13601119955056898,0.12517794197302626,0.14109890403407815,0.3120512945475058,0.032985804170167686,0.13541816715661184,0.09185828209957282,0.06651074500003396,0.17440103290383419,0.3292218454965837,0.004149529080470684,0.0029871049057122578,0.016279234964195845,0.033225020032835714,0.16536874954882835,0.0068489909707544925,0.0703552422684687,EO,EO.csv
33,0.017969071752196843,0.2360311875040308,0.11793144117261042,0.11292660911038362,0.05101711910951777,0.22731047694406992,0.14465480434895855,0.23319833215623778,0.2606112414595018,0.20544791629395362,0.5069924422971136,0.23304927739633988,0.06742468431759305,0.2253779351523151,0.14813000411618013,0.0883397373802636,0.23236157095984467,0.46110924604484593,0.03609827227083942,0.15193101602949713,0.12394449421189138,0.05459672398060038,0.023143464497771632,0.1902480204644695,0.2793025376641496,EO,EO.csv
34,0.007178220509619937,0.034524028244664565,0.15765528825971528,0.052682526145662184,0.2617760748348473,0.0606980272903337,0.06084356506830625,0.11393145068305077,0.05685667246576545,0.09420980729824965,0.3239764299423174,0.1998863705398497,0.023321223512154744,0.045605787779142516,0.04617044667458865,0.039414017125321665,0.2494325723390901,0.1495954822415258,0.011144448897126796,0.01748543698783207,0.024650051533777393,0.017566038869889472,0.1737067780167173,0.054461270914665495,0.08770076355851554,EO,EO.csv
35,0.0,0.034137137299153984,0.0773909302677621,0.03100300015561554,0.2198213637985053,0.08308450210649197,0.04714006478564697,0.11232891288056165,0.08828756747007359,0.36063226998672027,0.256766496461527,0.0663848000359161,0.02058683744956357,0.16109296637880424,0.11729110704656293,0.15688681476784458,0.18024301863014447,0.22516959211035414,0.0017435630411599646,0.004305570387268097,0.017049975690622835,0.018742738851910523,0.14815283579136995,0.014829967949836733,0.05141129961962983,EO,EO.csv
36,0.034111106658454196,0.06402013496214694,0.015423169789869922,0.020758701591049065,0.18142769184293106,0.18193520578282663,0.11611646163539993,0.0,0.06034642535426474,0.12784426858178402,0.6959736108291508,0.016391949680266638,0.03895760111679421,0.022584577962592285,0.06270556055837267,0.08638904973835002,0.2931988327102301,0.053223775513733265,0.01162753952576411,0.007019974962180375,0.004711323620846041,0.016259280851601308,0.06186269863977613,0.02481660429327398,0.05512266388084851,EO,EO.csv
37,0.012595671521569209,0.059530358653125455,0.11331685759912674,0.016786322199991353,0.33062620980739127,0.18456963837185722,0.061884979286795164,0.08264644317977245,0.14059628686726963,0.22925378468881882,0.4222564555563668,0.07747655569614222,0.020974007818580005,0.06465045552280183,0.13817758161314772,0.1052307357778193,0.2563895965468282,0.12281929933411856,0.00922439156593719,0.022279496002773378,0.016798843102329153,0.015775746328579116,0.31458074483741794,0.07356390267071451,0.11263720258815933,EO,EO.csv
38,0.20619835076826362,0.36663448608083377,0.11962750821502852,0.05402428154065074,0.22036057561958117,0.6041476058256398,0.13031420049365428,0.13076478194866373,0.14344284388529538,0.19246248839899452,0.15885550640752305,0.14003906396751056,0.010079885822458307,0.09634246761368431,0.19048502186239274,0.14734251614395905,0.05359039212808313,0.14270604027585823,0.32113230197630427,0.23232502663065388,0.07431981810011583,0.009127479796336522,0.19483204769837686,1.0,0.9999999999999999,EO,EO.csv
39,0.06595587136443515,0.10388546512432181,0.08168898660530646,0.041839152257734574,0.20173659318649584,0.20359046175352344,0.16647425849307654,0.31789050931374463,0.30301295907616654,0.1963885697787374,0.3066317482413377,0.3264681645609193,0.04810952337940942,0.2884657352034957,0.25342676462184327,0.09385535346858592,0.17971400743250898,0.5668133975762013,0.0704042359387152,0.06672122273586033,0.029099291434037295,0.012623763063740263,0.15364383303124635,0.24464075903491947,0.3440654809178211,EO,EO.csv
40,0.07430004666999673,0.3234785833589311,0.06141344447238552,0.03212946494516809,0.261224088138119,0.723114678863359,0.060156402992734406,0.17226913337221275,0.16256801803494766,0.20566359991668623,0.3416448743666755,0.17330254947709214,0.01981543556213638,0.16836001982434926,0.19613963584753322,0.12582415722204218,0.3759878693173288,0.2752304278254674,0.0668698826266838,0.17141791632790554,0.03635428357287733,0.01763384239162043,0.17748027577941483,0.5078156357786232,0.6271297802914797,EO,EO.csv
41,0.26403377575949977,0.07046979595378945,0.06391889491213162,0.017564632967761926,0.1126356874005791,0.21316149953447389,0.1181594362153273,0.20407616804215786,0.18053076833905485,0.3265959848207908,0.09267982027366213,0.13817730677580303,0.03039680002770526,0.3741801776398245,0.16849057303527049,0.1252158770588351,0.1057963423173673,0.6075164783137124,0.4560008247939195,0.0748456145230052,0.029197833241327277,0.0204137237698545,0.070650552566812,0.20249282779928102,0.2921389959648111,EO,EO.csv
42,0.092376523951878,0.31547710211903485,0.5033147940051216,0.11924306593485202,0.16701910847576906,0.29080949681634427,0.0,0.1082405598270536,0.3477598076797961,0.36724106138833124,0.37647777002679594,0.062427186629992304,0.004165131000431503,0.0690262337306197,0.2164121558946505,0.12449377107894016,0.2735174664978823,0.1166944688730176,0.09324552203159135,0.24086429282545396,0.25456978726214513,0.04044585837088867,0.08381641012583939,0.38703913253930666,0.3992705014121808,EO,EO.csv
43,0.008967526626624932,0.06208599229225691,0.08108756599380607,0.02475427652106105,0.21090371508313843,0.16344024144413147,0.03922102352363086,0.06843438161284582,0.08390092390747549,0.19066675671161618,0.4300328949926684,0.07699773207567301,0.0,0.07743737747631144,0.0695944268012344,0.07116415656091205,0.21272369908683958,0.18496217295587802,0.008032425527435792,0.003558567819177927,0.018009364164198516,0.0023729885050568864,0.15075362726271957,0.032098426213679594,0.08003487532695923,EO,EO.csv
44,0.007028480998461671,0.03523109913917224,0.0832328810842123,0.10925524379677497,0.11728425225841922,0.034814671671620626,0.08560316739520071,0.17166027729828326,0.3396254211516289,0.11401378204713894,0.4860631242404284,0.25936093876570854,0.01293805578951971,0.15905093772165607,0.1849470977372967,0.03487872282977404,0.2359269372944749,0.5168112106693827,0.0031758898606960295,0.0072544606218926215,0.005176549448250935,0.043799689611457,0.06809909554064396,0.01161448031485286,0.09572037064519828,EO,EO.csv
45,0.013448679790856101,0.06694582078068681,0.06954293550226263,0.06250045366272455,0.233643844848815,0.10203536312164792,0.07957230948408013,0.057549886316453344,0.4765126842086522,0.23418698703418014,0.553284754302112,0.05347353143070928,0.019281876830268448,0.07950917110307584,0.32503969365361457,0.12332758494609297,0.3710348803742223,0.13451204235153236,0.004288431341792258,0.00659354667260242,0.027225386162804874,0.016632624931775194,0.19255951857903675,0.023138377901402534,0.05043098347277902,EO,EO.csv
46,0.03371127292777101,0.0757656055899931,0.05582670485898676,0.071399006876581,0.16247844213367324,0.10464551971953492,0.16618877554815223,0.5855036441284185,0.12478302966752912,0.266418602041646,0.22431620323581314,0.47649930509049254,0.03629234835931637,0.3432738634431162,0.13690956591341263,0.1449871650762869,0.10649240703787678,0.5032663628498892,0.0014767285969443033,0.005540878650637893,0.010212124806683091,0.03575101137538489,0.10072609446866669,0.01090414091463779,0.13506078100297797,EO,EO.csv
47,0.06779029872262195,0.20431019176809678,0.029608082844835217,0.05229175890626489,0.14441172896474735,0.34523546615599016,0.03836937597696513,0.2392406084710312,0.1486962988063635,0.10181705674018343,0.2495282769930573,0.377106367233486,0.005918728768424001,0.22642838377222194,0.1373370577773545,0.0737545864590394,0.13231123482711615,0.5146710710280276,0.0503577410312985,0.05460674782790617,0.012776133397770522,0.026192315455097082,0.09614293091378158,0.12419876403274684,0.2724414863721272,EO,EO.csv
48,0.19038261471763282,0.1746657703142968,0.13268155316566937,0.09885076518155346,0.12416478543644073,0.18706389548368701,0.14115009724318425,0.053782942985926716,0.4613297538964066,0.28190169501615403,0.24083303820413154,0.04024660521883082,0.04495898682698281,0.08134247180885434,0.3424990643585283,0.088863797755412,0.09714038899784604,0.17026283600626935,0.14891066690674698,0.09319700240289923,0.027489586107301785,0.02695772632845275,0.02198891697883111,0.2062649731792606,0.22687297260540212,EO,EO.csv
49,0.014800823354411862,0.03819549821852,0.09751540824010015,0.05772559424779544,0.18526086399938846,0.0627013028433289,0.10911602490374132,0.05721107069950283,0.47200592324091895,0.2657605271293345,0.5100544683512378,0.04609210646150928,0.028794916096486864,0.04403629598413507,0.421984042398185,0.14894009335877495,0.3620815197678317,0.06701825442303191,0.00324483943313743,0.0009929699394289955,0.006981307191700226,0.016951665256278472,0.19868382185897437,0.0059193264450663075,0.018558373385373465,EO,EO.csv
50,0.17257635682707165,0.042480824264784355,0.038749656593335235,0.040963755535639954,0.21079113698482593,0.08695273334254242,0.11172245231935186,0.0678097107643304,0.16547343844732074,0.1662560202397997,0.6547917849601944,0.08601669590522029,0.016006355550488724,0.1345015220269883,0.18015646956401116,0.0771276176404285,0.3949088042404953,0.3012159446569111,0.1832472351723013,0.050694833004252475,0.021047943508373676,0.014988101255771484,0.11956264168729923,0.16868609708813304,0.19416733741817144,EO,EO.csv
51,0.1549858194092814,0.18899271814163382,0.034810014304826165,0.0509337025752199,0.19363516581811369,0.325037465332404,0.040263112556716905,0.04051826949316985,0.17670776226328935,0.07985955327009,0.26566439315714013,0.09595219471013854,0.01183314722644851,0.09304131525530904,0.1784755846945729,0.038911024764098176,0.09470355334832124,0.2945897668677897,0.1609226937183406,0.04869421529597488,0.006272231867918128,0.014420740214139648,0.14338093528515733,0.1660220901349724,0.24373587502659705,EO,EO.csv
52,0.006326372069374822,0.07564712047163027,0.0631480500722217,0.046425544040432046,0.21041771380746954,0.14018319744510452,0.059421976632672804,0.22324554486561435,0.09770920786511371,0.08882153613447058,0.2126778096674362,0.37982494372762443,0.015647821724745572,0.1876208602697566,0.11467881289142631,0.03204416924986961,0.09264487210718915,0.6265700829577815,0.0023682668080550967,0.010380618054036025,0.004566194732003311,0.013634078498555934,0.13817848235509345,0.039390483355409886,0.16950764435300258,EO,EO.csv
53,0.1971162035990777,0.17483658288023055,0.1753274481240616,0.05459324742959239,0.19231136719527786,0.2877143401809093,0.13632918730052812,0.058458371356082076,0.2760114428514313,0.1730376838133458,0.33427638055890935,0.07292039403587058,0.05260802041928628,0.06309514918658214,0.3530299235868455,0.0637687675702184,0.21898611167285809,0.1615980565877523,0.1772386315328212,0.07482036397080138,0.04081654313838761,0.025069543388700617,0.09996785792444794,0.17504809168734747,0.2250562834938581,EO,EO.csv
54,0.04500551777759912,0.05410260999235423,0.12175146534044282,0.02969436430071252,0.12712990146126035,0.1310912570169988,0.04969106541506674,0.09018027407276842,0.2872218910202907,0.1423846775137485,0.4077642296208137,0.12495922750313468,0.04062097831897187,0.08454892407875773,0.3784024661930583,0.10785845455760862,0.3327514699898463,0.15622236261352487,0.03210854996051003,0.015851316788894215,0.018606288162319896,0.01871726200871553,0.08075772085184517,0.047557861720614006,0.08867790698534224,EO,EO.csv
55,0.02068852875351948,0.043352891891436554,0.1924936222449117,0.05500634704298624,0.120976462772191,0.07321665167620693,0.054872644771900646,0.08422955673529187,0.1459142490331567,0.19273657893740845,0.2884775326309337,0.09237343742869271,0.018538902498679868,0.038659572865594696,0.06333404155862235,0.12007987413688931,0.16313167095385228,0.06934412219912238,0.0009871412520268106,0.007173612794079359,0.025093584126851195,0.035192881696904973,0.09110734807319278,0.01398300801044607,0.033584797399552925,EO,EO.csv
56,0.02805887899813815,0.019195955049886193,0.06204193379922453,0.09009014178754382,0.04504351511694761,0.022733540152509626,0.08107873574951625,0.2321862264106294,0.058009002204222976,0.25715886557944834,0.47857947895502495,0.1942040185353471,0.020461384877692626,0.11813434963502324,0.05275569873758257,0.16133180840713893,0.27962441753901024,0.16277646058822817,0.01150574847748846,0.003028024871328204,0.0013229691476679155,0.04547417419488391,0.019607173428925553,0.005059129595711361,0.038389201607938274,EO,EO.csv
57,0.0356526692671381,0.11262354718059733,0.06841390102009569,0.026649708229199657,0.09011775208003615,0.28072519513277866,0.23516588234069066,0.14984002480445283,0.2535323044739471,0.23827838941009458,0.14547929243208335,0.13396893652404976,0.050969033238069325,0.08750557835540361,0.17968113019013138,0.18215425840857485,0.05543609850520141,0.11083890151963079,0.04872819195083776,0.03296360456876858,0.035508134097634134,0.02294174964658426,0.04517528815144557,0.08338640919866813,0.1472216403332664,EO,EO.csv
58,0.004964686612707583,0.053762726775057196,0.0477687730239725,0.019338718573998225,0.27506226078852664,0.15866410919074103,0.04796480460940224,0.21365862875785527,0.2894725895370169,0.06933611930742542,0.3432822475914227,0.4101662615803908,0.019033987039307747,0.1614977705630948,0.19009772751179,0.05499880302750054,0.1829057143148225,0.43095122465472196,0.004577821112708139,0.012093921303759076,0.014218030503602663,0.016309267199258768,0.200825986618349,0.0404780916947322,0.15534063643136087,EO,EO.csv
59,0.02571974779257573,0.03835614911412199,0.10073735066554093,0.05312391603878555,0.20233582581539594,0.06670135542590133,0.0031217261488463667,0.18023196813642922,0.4123599059243801,0.2904890492733353,0.16588412082052584,0.1354100247852664,0.009717731353705092,0.11944344149107407,0.27456544180691367,0.20060644260324056,0.12789019927998846,0.13921167441319426,0.044542641400395024,0.06271078997268084,0.09615911089889946,0.09693407588601452,0.11067140253666359,0.04686062919159834,0.073479007268792,EO,EO.csv
60,0.004627847016971116,0.04547119274496411,0.045876897199335596,0.007356050549032055,0.14484009927005975,0.18052354373848747,0.06520353879062855,0.1466000989641065,0.15029269411086546,0.15980432517537066,0.23199679666613854,0.17955086343823742,0.024647984517574086,0.14110942585862735,0.14879884795547,0.06474653934732694,0.13749492490489307,0.34764581080927087,0.004287527801054532,0.0034424625690444976,0.009539104494994325,0.015565128259946041,0.12417362925289531,0.014135684769809007,0.0998977899034544,EO,EO.csv
61,0.04626798610323593,0.09488763980398565,0.08981199326043844,0.05578899527957114,0.19613686838266858,0.15525794180383376,0.1271577733923245,0.146315930881479,0.18900334752491962,0.26469565448272914,0.22218993634351347,0.11927257909856664,0.045286571377820765,0.11269917901997153,0.1603278685323667,0.1987425017890252,0.12404459320819057,0.13248709709603992,0.011707006792470243,0.02519604352062049,0.027498460695084076,0.02230069454729564,0.16156194189384576,0.06555487363821952,0.10572396198545093,EO,EO.csv
62,0.048511622787062114,0.13480482410968492,0.1092462656370072,0.04979458053373903,0.1569144019409749,0.23619481924119917,0.11557081440614193,0.21180727715953906,0.5652611666512465,0.22370962598449126,0.12054675402992542,0.19849741758923709,0.03662983472226955,0.22009395916845584,0.5394774083467966,0.2388001091616122,0.08898874860518093,0.22108901664200906,0.029149889772449103,0.06622436809193753,0.03329479157328865,0.021808997865909032,0.12841142683138546,0.17141076648473055,0.23306759867963855,EO,EO.csv
63,0.03744610705202396,0.11586656307091689,0.16400485569540785,0.04923057142683766,0.16673728576896402,0.20498192027287493,0.06538272533312882,0.12064319733200005,0.0813855035489987,0.1049659671165781,0.4546904544783038,0.1976332449490289,0.015610529635400742,0.07405222605307399,0.05684634690303819,0.08512390933465938,0.2763591780534799,0.15974706553040668,0.057689998008566466,0.06351853254600678,0.044728441828566896,0.015278866666326479,0.1506906383596423,0.20805259788441915,0.250204181990357,EO,EO.csv
64,0.009051731313485604,0.031058588963693234,0.14113983134329855,0.045257051288732766,0.10991857032294595,0.0608116759739519,0.10773616836487404,0.45715413613479583,0.10329586971834995,0.12634325379010802,0.17785342836453072,0.6209734634039976,0.02766349688143818,0.234921894767084,0.11102103726995427,0.10953678308261774,0.17689310203597286,0.41935603682938155,0.014456042573906038,0.008527564601440087,0.018628526061705876,0.030847015641062476,0.042912619706210506,0.018328792604666563,0.13973217603321253,EO,EO.csv
65,0.11546741268215961,0.3305489569011716,0.20391777253202548,0.10265377906705335,0.2457728893558167,0.34342553889216587,0.03683670721186465,0.03770572210671817,0.22008135157296105,0.1965334494488675,0.35968004336210385,0.043933797486820816,0.008520073508187544,0.09062653115773522,0.2165304164613266,0.13744632885506605,0.2156430420725396,0.14141566615886292,0.06382245763175494,0.17049390475532009,0.13082491491538972,0.019834759614265184,0.20533498666538175,0.4672226751966914,0.4793568638071512,EO,EO.csv
66,0.009757490221881101,0.08483298392726502,0.2913977596598771,0.05199043987843448,0.14630620812665068,0.1457786179442168,0.02213456584044764,0.3290073439227158,0.3613001644475948,0.1290045745312388,0.3647321592032995,0.44597712511602006,0.0053354680219284,0.2140002246795932,0.2771745166591299,0.08085687135463468,0.24209167861081726,0.4618824540097079,0.014195881138701823,0.039795307085861986,0.07256535678639987,0.019667722022193676,0.10413033665739345,0.11160515971462741,0.22093315664747176,EO,EO.csv
67,0.01677605586014906,0.11419133252741803,0.23049432354489738,0.04451982730677413,0.02816686304409556,0.21514634627459767,0.0682185367484147,0.13055293762351022,0.4057468388681758,0.3420831450632933,0.20718678617269415,0.08268301537985524,0.0170920566447111,0.14404859923528135,0.28721798144461347,0.16109415878929825,0.1101372134542616,0.1978523281810098,0.03313137935058557,0.04674493853559613,0.05602463089015557,0.022167795654866877,0.034165639506496856,0.12026023732635926,0.16826853770603845,EO,EO.csv
68,0.06293437267428612,0.18462351890921772,0.05735106736749676,0.05890941154736369,0.13666203740972904,0.2886770770099527,0.23739587732071396,0.30909530233352656,0.45665078529210207,0.18646913904235587,0.7867127089382314,0.32963442896273176,0.06771105268778281,0.23077931806272364,0.3486460914678135,0.10497669661774867,0.4379425450096151,0.423641819667922,0.031814448550420274,0.11121504838857547,0.04785341732878353,0.019436427615440094,0.15096491806073914,0.30985229896817035,0.40153524897004594,EO,EO.csv
1,0.11587053276084198,0.0640634618808627,0.3888151353386129,0.3418657255865157,0.33711182627919567,0.020759344814111062,0.4710692805062108,0.2089573422995626,0.17111542260788692,0.2841743181117182,0.7840392469354432,0.16043855865953666,0.35140924515813143,0.13843938721079097,0.39830898134068016,0.2669473617100051,0.2113766756898589,0.12758007028008983,0.013115766267253293,0.0731896683285671,0.20356111160207033,0.13056229930871235,0.2420605050939505,0.041265244884371055,0.06050387119883277,EO_Post,EO_Post.csv
2,0.02317083537883907,0.5344103490475083,0.5378218258626906,0.2698881729851124,0.2363119091694722,0.24288442931632745,0.13284497175184815,0.23698789178522076,0.5401507889550152,0.23959165356966097,0.28305631019294814,0.20999022955345487,0.2577725032186034,0.6324156309770074,0.5842981662393294,0.31431624035379735,0.2079372966829507,0.5026869385212618,0.060281888795464506,0.3904805713859258,0.2554725178691707,0.14144266027751798,0.19799774280099758,0.2067532394018141,0.29871507573267053,EO_Post,EO_Post.csv
3,0.02962276901075152,0.22842654983402985,0.40202504909657266,0.6291913870232004,0.6823694107762338,0.04399035174829027,0.19981430619161863,0.18520476659117538,0.251965104864955,0.2403207607716221,0.2740363151596318,0.16402884263134485,0.40218193454757023,0.27246853103561913,0.17362115825885974,0.2655940387764261,0.28550254576510986,0.25036997973537617,0.03319274167599817,0.1005823294827325,0.09931206116400522,0.17909060866281298,0.7241199875069337,0.04192465457563067,0.08081203074851204,EO_Post,EO_Post.csv
4,0.016381864679899244,0.045245663545969234,0.6156114893773184,0.5400081695819459,0.5852956388574982,0.007354403874160339,0.10341720989049523,0.1439117628327095,0.214406607804763,0.29384136217066514,0.245739821156211,0.10647726504570287,0.058559643284569356,0.18239888691968173,0.2338661416988142,0.2593992490684124,0.3588319847419625,0.171545306772313,0.0027090999940766114,0.013342595900122827,0.06955542151059373,0.13034294874741217,0.38518438472942024,0.007015711043975674,0.027067224982992973,EO_Post,EO_Post.csv
5,0.017616714948578766,0.05030918532275993,0.1783059197894804,0.6875921590592127,0.9999999999999999,0.005842187137872184,0.06903777774643147,0.6670601845297089,0.1064224379329434,0.39469117994156955,0.46621685306824556,0.39442802393157117,0.05891594304219004,0.4528111912067318,0.10525995794142912,0.5591876126222375,0.9357298013389512,0.21645912459247213,0.002772456125051108,0.0022281789978327747,0.011962195339064676,0.1916395767916768,0.903700042582791,0.0,0.06108335222678009,EO_Post,EO_Post.csv
6,0.01955953859577333,0.07257485078460155,0.28515429713248686,0.8553441503788173,0.45882784135087595,0.007303730115714395,0.05921573454968644,0.4099803471389748,0.16231748600919546,0.36485432002225193,0.34774218620731095,0.25660539187125053,0.019231031847210926,0.2043451708714146,0.15596610312269668,0.51068870080504,0.3349068103619422,0.10611846131472517,0.004617190727974446,0.008209639221934463,0.0279673805709862,0.24550243150257708,0.3968758168678103,0.0015717270587416864,0.033100386078607325,EO_Post,EO_Post.csv
7,0.0724112800765109,0.15828573319570619,0.04039596734688067,0.9577707245726186,0.40597953115356394,0.018006468333862647,0.05291087281970495,0.0545404960583348,0.2932814159880605,0.4931648668279618,0.45815189953390634,0.016068010199236767,0.06155174729131049,0.052974556994387335,0.12125242312380768,0.7564442988833491,0.3905410504934295,0.018507927341669818,0.009486481566607332,0.0702476244245723,0.049250094353640805,0.28384925932229954,0.30580106773284177,0.018139208816255442,0.00998458487362389,EO_Post,EO_Post.csv
8,0.021569986349991105,0.13592758439941494,0.11512654346165707,0.6077814941616208,0.5168314373249152,0.02565214833828926,0.1274918345711706,0.377152734580525,0.09721756668622104,0.12473573294369192,0.9999999999999999,0.5191342142217121,0.07317541487799684,0.35455497985489554,0.2281827018781667,0.2660474276213727,0.7335010424657532,0.3247822692918756,0.01503774160940503,0.03690480311889704,0.02441183774921479,0.13831199648270634,0.4065947690784842,0.019341447162930923,0.1095878528280869,EO_Post,EO_Post.csv
9,0.052556394827781905,0.19388208148087582,0.3359094026580625,0.6952346482372577,0.4646968472393247,0.03299436308807951,0.01752021433974498,0.3634049836381419,0.08180418638721622,0.22205033809567828,0.42031299934006705,0.3402991724249609,0.06481784456802608,0.27798993388643495,0.06859137320715905,0.40367177805555027,0.21604012828560454,0.17834773811773305,0.0070265033721152274,0.025202642461229406,0.03088209555916499,0.20751390246454202,0.32987185242500555,0.008384022915949765,0.06303518212294879,EO_Post,EO_Post.csv
10,0.10189314453388527,0.15519096553840486,0.20513274407626528,0.7356470355488551,0.45835245038896255,0.024044130271826596,0.04484332770818006,0.3122237701108578,0.2074451621051617,0.5324511450475656,0.46058599480358675,0.13480107762135382,0.07407624172002994,0.19681814309320073,0.3131289145306573,0.6498050620585187,0.25457327581980327,0.08166053990941904,0.02886788543779076,0.03902044716036146,0.06012226352737335,0.2537259181791914,0.39521797588131236,0.01086600280687462,0.02692472577538913,EO_Post,EO_Post.csv
11,0.03395784396003426,0.047041398908522186,0.07326207485704235,0.8363015612421635,0.7142261020292063,0.0035090406379786688,0.012820701411436392,0.09507463375920927,0.12494911750143466,0.5732463266157116,0.6269189654046169,0.028702332194788883,0.03553488942312427,0.12260718326874041,0.13742586486159641,0.7937082978249692,0.6996539670315773,0.04173591211953323,0.01623661136184633,0.03824903141204948,0.05207507595615719,0.24550368546029724,0.52500303974061,0.011020853703199801,0.005052538307771189,EO_Post,EO_Post.csv
12,0.014720516515148347,0.19519074577299453,0.17930269999914786,0.9916611902762293,0.364341770725862,0.02222710875933072,0.03687123323811304,0.21458138739785418,0.056646195215367595,0.12978483284582057,0.29354129696501985,0.2953821923025557,0.008908370546100733,0.0,0.051595662281063506,0.5175874511103218,0.3058892855496756,0.0,0.002823989405593877,0.019112118195850476,0.04585722811976683,0.26602053886630944,0.3726426091116856,0.004519681611763201,0.031193317685161044,EO_Post,EO_Post.csv
13,0.051413645184626586,0.15039342106018255,0.4864553809183955,0.5230650454128115,0.46758164496887744,0.03390726270973586,0.04085688261144082,0.24107447944544766,0.11618684427355107,0.03567073590564421,0.6069190768663818,0.5806051584131992,0.009720629053302695,0.1953533580040712,0.24185150742446276,0.28663240808248863,0.45609973354174344,0.16890620542564727,0.053063196038285666,0.0614743623093974,0.04659002989969323,0.14877528399199205,0.34641095038757935,0.030415399464874572,0.11011404144973334,EO_Post,EO_Post.csv
14,0.0342059810209014,0.11646926691969002,0.31322208451452394,0.7849879452406343,0.3245147612659767,0.01575927257300244,0.15548104832852666,0.49304257616890723,0.27785921234052935,0.30332028337194916,0.23295696040305863,0.3617191894043923,0.11091526606695012,0.14762501148699486,0.15176235830769222,0.44497003974855037,0.29807631807768686,0.086995253689558,0.022543435731916577,0.014434694854910788,0.025481063862025168,0.26033441838949506,0.18325119135740758,0.0032553072192843223,0.04693175938600627,EO_Post,EO_Post.csv
15,0.007222338371677742,0.04677592525176723,0.20886973673744255,0.4397797319680339,0.40742921695653944,0.010379887367831714,0.06752462717499234,0.07634543595974122,0.16624384084635724,1.0000000000000002,0.3196111721777801,0.0013828689107744305,0.14916335286656576,0.5644732090170522,0.19907127191535037,0.5792608273451756,0.42345084558270535,0.2613043423977717,0.012865930635280616,0.06775841448793875,0.07701222381188014,0.1612393936033263,0.2715318440611195,0.03104102144640001,0.045776044121612444,EO_Post,EO_Post.csv
16,0.0018515234040907156,0.07705832517711947,0.3593511101224498,0.7350196936815353,0.5946056285771396,0.010002487722455766,0.06985098612820262,0.2733470752604953,0.2030601705202242,0.1879682426651855,0.9435094812527972,0.2906608353635709,0.05107708770505583,0.6366890575746825,0.5581024217547339,0.4075205589227945,0.8659551125748548,0.40432854077239977,0.021394637758059,0.04191497609417342,0.05379968710746046,0.22169061755189853,0.5229922240567102,0.013578449703420939,0.08274867093484099,EO_Post,EO_Post.csv
17,0.0011212600777363705,0.034365881621221624,0.19671265346652123,0.8517396605535343,0.5064539144949658,0.0013851557005515151,0.07321103197232567,0.3024170620992669,0.3476762679242206,0.4792754239756326,0.1569829538897226,0.1447782525055018,0.018242212515695137,0.24026015943114662,0.2954406587377892,0.4462177338020313,0.3729595200674064,0.14101377061625975,0.0014924052438128612,0.01343461615182554,0.0347358848131183,0.26895299178971466,0.31326544578326354,0.0028210890448341006,0.0233263397531596,EO_Post,EO_Post.csv
18,0.08006705208122392,0.12289403099921578,0.09392177674909205,0.8712913869273546,0.7893153772189738,0.014779628173410574,0.20457828069498446,0.29773893814264774,0.16588762431002463,0.28773905881051753,0.33461239972371015,0.22705988735644786,0.11863672245928952,0.07286286929506389,0.030189905384207287,0.4201352944062359,0.629502088696098,0.04547390739383548,0.005057700668583022,0.012958830238116859,0.026775006342212627,0.2695058515412188,0.5449608416488386,0.0026758024821397462,0.024992514834983805,EO_Post,EO_Post.csv
19,0.01121599057323821,0.07628630179918217,0.19317626633892185,1.0,0.7445921975524441,0.006110868272966702,0.044497936791194896,0.2788736623484329,0.2544265418772059,0.5281581376240929,0.4943321311676512,0.12008564190161997,0.01562346025963515,0.24212202868612676,0.13039658056179948,0.9156098012067329,0.940972093457487,0.07246271005813312,0.003262173833563392,0.012295282339532086,0.05903732107942469,0.26670107776684804,0.44552207091488166,0.002525147105214072,0.013106265836811404,EO_Post,EO_Post.csv
20,0.04685708229391761,0.2512101289471129,0.578598835127143,0.5008415439968591,0.7005025817907852,0.061680005882698785,0.09036210499020318,0.2977926847687026,0.23124931422454803,0.2361378219436254,0.4236940597050145,0.26648271710421156,0.09374993210554157,0.32187017348326397,0.2509899689595045,0.30410228772075665,0.3152288299500422,0.2637794511626418,0.016723837020245484,0.07180333054141275,0.027756633531605793,0.13172572803800875,0.4784165718664181,0.040126318778552945,0.09714308085285256,EO_Post,EO_Post.csv
21,0.07305092031240758,0.13922627560502268,0.03290744525294252,0.9395385948009696,0.6196149098973479,0.01572665090509881,0.052603545564992076,0.29258130493392187,0.08966143524097644,0.17104275539038263,0.4667232196726785,0.3318929855504894,0.016939206787282085,0.15153027080597736,0.005031539142582218,0.5390680640894279,0.6349925198805643,0.07484635933851153,0.055727448683599023,0.033988314864677044,0.02770773712865403,0.2287798628767983,0.41659428920025293,0.010462688071345996,0.04799895867889642,EO_Post,EO_Post.csv
22,0.04581934256432246,0.3349433692725759,0.1797537463409796,0.5059990153688674,0.44620736651519366,0.08255535888146551,0.047855096473810775,0.3800448683585843,0.050365589846201916,0.3753481651928171,0.2843668942422599,0.2315021242326135,0.03531059155150305,0.45945021393861285,0.06206859090612557,0.4734145430286468,0.28454188437510586,0.255453138216497,0.017376894671479112,0.032494838595140525,0.0024076943778627946,0.16797185273683934,0.34248123622223153,0.013873000830092578,0.07412122664076616,EO_Post,EO_Post.csv
23,0.04676368061354627,0.4702586514495185,0.2468297802209142,0.3584759443360056,0.14670296617438566,0.1636732289896649,0.08312881037211098,0.13500885306648633,0.09438383597522888,0.43495229874125607,0.29018514357466263,0.06581202070565785,0.08097006483672968,0.10377438385047609,0.034887251174688584,0.4646803233589976,0.10010247668282114,0.05885757856362303,0.005646375107705478,0.06038328909227525,0.01704087117517089,0.1388538470098969,0.09172873936412589,0.03195634907328841,0.06391996428418564,EO_Post,EO_Post.csv
24,0.01841425898716357,0.20032566760285317,0.3182709714460306,0.5578707506509915,0.6692984979569313,0.04331744760108692,0.06937647546476851,0.13329339639092724,0.05118431748542303,0.6464353227921117,0.5029838275249179,0.03834333814427418,0.035707583023863926,0.07301901772096545,0.07461031853533745,0.705943257208927,1.0,0.02763600592075102,0.007577864586181191,0.039125149483866244,0.047640514266449475,0.16413565457210225,0.3270574953787447,0.017274095168234187,0.018489262766780992,EO_Post,EO_Post.csv
25,0.05017459391479924,0.2624408648758025,0.1496014978326324,0.5628910139929323,0.4876875929424612,0.05733893354234512,0.033598293438907426,0.4996123061172616,0.210648441444452,0.23195654996042944,0.6485387198267342,0.45182149832756013,0.1200032648052379,0.4724573967141999,0.16219266778848793,0.47835940073034183,0.3581533356751811,0.26023694527610425,0.03825287061366197,0.07881630371660114,0.021183186420417187,0.16646869290541438,0.3186875338722021,0.03511523651610438,0.11411149734978691,EO_Post,EO_Post.csv
26,0.017694654518665844,0.017162952277307894,0.1339779216253703,0.608724938137675,0.41308141876230736,0.0,0.060870208348049654,0.3575241420357438,0.17258157024579954,0.40371409322514973,0.2160131369430734,0.20348342908349393,0.12100343096375989,0.19329778523289237,0.1687732835027108,0.34956357134431876,0.26715691675950737,0.14098517821014467,0.00843523698806075,0.01159073368656091,0.027588543262731507,0.16847457363329824,0.3035484034131813,0.004409842760633614,0.03152361903389689,EO_Post,EO_Post.csv
27,0.032821961600766406,0.13450561270526273,0.16239070540021078,0.8290306744352266,0.2830313073672543,0.017600624402233027,0.0909938737523703,0.11734308666161913,0.3952492807050875,0.433951107108812,0.7509883462596425,0.056119068091393984,0.05722848969404394,0.14800758383931037,0.062240019991310305,0.738144710105842,0.629141521164276,0.05423475943652053,0.013272224896474416,0.016804361197936723,0.017458360854635258,0.25614579137169047,0.18558962685780733,0.004045290899552257,0.006964246581190679,EO_Post,EO_Post.csv
28,0.030265766350270378,0.2477539852286755,0.19633443549752413,0.46322873465098774,0.8934257189936958,0.06577904408307932,0.19626590033803973,0.17791144480198917,0.1154863855852475,0.36294026361845766,0.6071169374916313,0.10818714150731873,0.03925982225697134,0.1430438006155199,0.13636013019259377,0.6418039471685335,0.81212208378961,0.05993198946445971,0.005556850335670048,0.04720086202609188,0.038107100763432135,0.11382425424595667,0.7734531340021239,0.0301637110263048,0.04655247890368096,EO_Post,EO_Post.csv
1,0.009082034145839158,0.10442660343523047,0.060119854732217926,0.0614326178635423,0.21657344996264138,0.15975176552078174,0.2265134613587542,0.22498862593853622,0.19060091106070323,0.194408468905063,0.48181826932092575,0.23456369167330202,0.04314117059360825,0.18425669274557113,0.08709494968419011,0.13241108630555892,0.3719644983723785,0.2902668934056796,0.025424131771231786,0.0121165040577225,0.020761320941612687,0.013624141863414218,0.16865905385805036,0.045404741658115824,0.12199202426657678,NumStroop,NumStroop.csv
2,0.37976829718540184,0.07549522882260061,0.19774939914497425,0.219143387027372,0.20446418565434593,0.03963225293289154,0.32613290727894395,0.3476664526609583,0.177664774496567,0.3275618816486032,0.30568567777469163,0.23804250367720606,0.0378492724515684,0.09741628362069969,0.20340557741373008,0.21028876571624933,0.25289120951003596,0.10987794302660407,0.12098869415853908,0.02113308383343125,0.04040418236654737,0.07462666027030321,0.14632980938180462,0.020048855770451412,0.05394887538405657,NumStroop,NumStroop.csv
3,0.29616547415215705,0.7487208243877487,0.518619013769161,0.07330090397189531,0.30249532183759154,1.0000000000000002,0.0819414749087663,0.9999999999999999,0.32019245803130547,0.21973595004770843,0.04407858671759933,0.9377976042031104,0.11734084906254362,0.40934346627807644,0.22156188313765918,0.15917526276493946,0.11146401272311941,0.560026705536802,0.19228752953680667,0.45852917719421565,0.28339152892953473,0.057559719008011406,0.2660039655094927,0.5481063570011275,0.8473910236408235,NumStroop,NumStroop.csv
4,0.08602617171142801,0.2968119745966274,0.3539668329464007,0.11009288819373166,0.5354335342027253,0.2917645235660815,0.2214936916116116,0.27690671768549424,0.3169346136177037,0.1344503700717208,0.2833764496516189,0.3684256716794896,0.4330755397729625,0.22628279252898845,0.26801853622522037,0.1722445485486908,0.44488001233600866,0.29354772706894244,0.03382522579455938,0.08301189845473768,0.0747513640733003,0.07519315115332278,0.6701085973033027,0.07846265431333715,0.19525161623822174,NumStroop,NumStroop.csv
5,0.5843373516707059,0.5133908102597518,0.19598363166449403,0.14849025638664487,0.34516885016872334,0.395097988731302,0.8533363636305693,0.2783997407550508,0.23749615379305172,0.26348484564157726,0.8391061278638399,0.22828224209265566,0.36573478288293015,0.4780778537314551,0.2656890070152506,0.28503138695722274,0.5225326493178476,0.41297437741442844,0.40713661191346495,0.07730397897215469,0.12513451376297877,0.0573967557669403,0.5171856785215125,0.09285671602143962,0.22661775442029997,NumStroop,NumStroop.csv
6,0.09853164677149055,0.1113520160455706,0.04428235387515483,0.10334264695122751,0.5273928702011328,0.11519981877622451,0.1494226530048966,0.15381286608535932,0.18795583144743874,0.1651003590219111,0.21477715411795611,0.18350958198590295,0.03356955812892584,0.09374569784093716,0.12536916180468619,0.057384343138840846,0.13682776136941865,0.24894558981109013,0.03616396759854625,0.024534383950382207,0.004040062963862397,0.05981592733865233,0.60317774790287,0.028570985139946332,0.08704827415653903,NumStroop,NumStroop.csv
7,0.02625212235473682,0.12202603394212339,0.19914575095147738,0.2053379876010825,0.2684662430847843,0.06946601233818174,0.20593740489087947,0.1788574436874323,0.2257237680967197,0.19027241166347134,0.3068814684484755,0.1908317216675476,0.04325295200742885,0.12031168078441387,0.15113816505924246,0.09858163273083342,0.18263659176334096,0.23295950896703108,0.009821312235581118,0.0313378498226458,0.03752606843108142,0.10128239837534286,0.6402356585548007,0.022261627701898712,0.07084807575864668,NumStroop,NumStroop.csv
8,0.004012657981119348,0.021729313798198008,0.04347699556557464,0.21644418070530888,0.46727548107196315,0.010070570019730028,0.06549881792859027,0.09136854656311247,0.4468938097899977,0.35698132122296633,0.24178495110281772,0.053456903016934745,0.02505821563711627,0.047852998757008096,0.3572917952913166,0.12555668249420374,0.20299640922119927,0.08198066644262973,0.0026760279258362567,0.004192012938762471,0.010567420354836285,0.11193772479906315,0.5625918702351701,0.0022587683961937752,0.0067276170652669325,NumStroop,NumStroop.csv
9,0.011292031670115586,0.032892263242945134,0.09718108516467755,0.15710831343845313,0.5902695857548672,0.02297975375997694,0.15290632122239478,0.13915935258640205,0.2095143364358168,0.2320957497655959,0.3900479553496554,0.12739827380543484,0.03059138239950217,0.12776633162753848,0.08549187195938181,0.10797193684430867,0.3457549173563618,0.2329112791023303,0.018085329605299398,0.010314378189489845,0.02523663173304203,0.07790086579366752,0.746089987076395,0.009322559530152437,0.042092259093922904,NumStroop,NumStroop.csv
10,0.039251568953742155,0.03502282754801284,0.3981164268916538,0.12440748217316537,0.5313898999763237,0.030748299856626835,0.0930557574132479,0.11991493735852149,0.31726083447570125,0.2763028397535434,0.528968124666366,0.09374928486288454,0.036782804263432514,0.26506376393331754,0.10173068035395365,0.16586534280998272,0.40742278702390566,0.3530829461744552,0.09248340120695035,0.061315670874501044,0.2037643462939758,0.08885841057469,0.6259940038482931,0.04968733679738176,0.08794549500352812,NumStroop,NumStroop.csv
11,0.045168436547988286,0.05830955350856031,0.2791181686359073,0.11420689240012045,0.4543175902684333,0.05550007855169577,0.13138869634340494,0.19707346038178553,0.3909052845624989,0.28581206879414733,0.38367040566189403,0.1504371140237489,0.040638942127090086,0.11676694227723212,0.31831491801717937,0.08024582359923266,0.3846588386748282,0.25655714248762285,0.07963532072516534,0.040123540484797104,0.07321780234963128,0.08681698067696242,0.5098364921638531,0.033133339012570324,0.07489459877537243,NumStroop,NumStroop.csv
12,0.02860306140276127,0.09857637374548599,0.034375877385068386,0.16496429204226917,0.5360410104277114,0.06826554970693373,0.14340075751855483,0.19189793627801363,0.3558802316608561,0.33537879567820406,0.2728698161059243,0.1264558771956554,0.031730692628981975,0.16853202310639542,0.25099614173412216,0.12775595242427218,0.3334130193338529,0.27262036393629385,0.007163303825836588,0.014239379958047771,0.008246008981095378,0.0876072635992258,0.6628353762467101,0.011485224555633873,0.05821287457811211,NumStroop,NumStroop.csv
13,0.07433653771098371,0.15156044963532,0.11641324404339634,0.02942930636435753,0.5093879338725041,0.35763661750196346,0.11421569493059039,0.1420481206902701,0.33255615850054737,0.1718573834840135,0.1476755047572335,0.16527956362075763,0.06990113414502165,0.11905964043266518,0.3542613684956782,0.14349361262646865,0.07361547442400161,0.17873460675870745,0.19242519471160782,0.10489349199746803,0.08602906027771955,0.04304117324810375,0.5067478439772227,0.16063091951295172,0.24114891803415928,NumStroop,NumStroop.csv
14,0.10377010554124623,0.13928339373260434,0.09655996557773508,0.1379885804379577,0.34178557537437604,0.11336394337678637,0.11133105899436138,0.2064775086100088,0.07442560374087126,0.18253660848758732,0.12212122649771993,0.22608202773733835,0.027283122188073917,0.2211491084292357,0.08415216989015088,0.1337229576367809,0.16717985542220343,0.3450308771289305,0.029385976937123786,0.05275134852675775,0.04347048222790139,0.07914246552663866,0.35605229828146034,0.04754370576780777,0.11913855516476547,NumStroop,NumStroop.csv
15,0.02564343752500339,0.062221305149345395,0.25626819791216643,0.20291696761011072,0.34675463227228265,0.03487354613070499,0.0841843722339229,0.056651164442271904,0.08347234993762634,0.04441858429811227,0.6325557602197174,0.16026873083575005,0.009229304113609999,0.06579224327892784,0.10473086804181939,0.09994143718809903,0.4210984391216898,0.1291375208002909,0.06195282030085208,0.07265378916631607,0.09979924549292206,0.14332401526184926,0.43886985670361184,0.03741807629460628,0.060443633226918356,NumStroop,NumStroop.csv
16,0.016153095713266355,0.20540243129603558,0.06374575194015443,0.1450358286291266,0.7556727286740449,0.16063716507793474,0.10028640637571216,0.15722179205603606,0.049126396136103825,0.15833736123547112,0.568553390247892,0.1930315935728611,0.02111125097058234,0.17308438999166412,0.10133406571404925,0.1433682163386295,0.47797797160866123,0.257994843739937,0.013591903353763191,0.02280595931416855,0.015452242360229174,0.0656588775543709,0.8392330341309799,0.024396166211006,0.0955238160389772,NumStroop,NumStroop.csv
17,0.07702643170958787,0.11277208874426174,0.1352472814050042,0.09054060260921824,0.6424852019047904,0.12956194124431117,0.0919419505493797,0.16536475802500586,0.11495938991367548,0.15006591710671505,0.3177441803691327,0.21013279481527422,0.03987651730811746,0.16166649742795766,0.18937506182256242,0.11252514742641506,0.3003509812097954,0.2852721999021303,0.12417441578895276,0.06800402795167186,0.03179563550760337,0.06190255101139294,0.7362798949472253,0.07647667402166874,0.13830872643611364,NumStroop,NumStroop.csv
18,0.19874162380242236,0.3309379847850288,0.3418819827587653,0.1280287892799728,0.08398094351404321,0.2878517904525077,0.3816713819119383,0.02258138505129509,0.319590486867098,0.20636351495336594,0.49463848238591834,0.02684766480269933,0.15298497181893844,0.12487402246073627,0.5244785072436435,0.19714405514375427,0.39270655350685874,0.14741200297280005,0.3708377344202415,0.5435843396340447,0.44554104373638975,0.40432131479895256,0.1725929523109102,0.10419703231296656,0.15764614782320335,NumStroop,NumStroop.csv
19,0.14943769105667254,0.12933473656247482,0.14620574378716092,0.07311790531268439,0.21188430098951067,0.17438180903765824,0.01475562843820578,0.12654083913031558,0.03567323272988608,0.19771633258663054,0.2892303444591663,0.1328124206060149,0.032249188356878296,0.07084505241485757,0.0473450804297422,0.08679474932034772,0.3048438919356919,0.15134816895440018,0.29821916112180974,0.11350230699776043,0.036159792495531175,0.040206534495975554,0.3162750375050522,0.183724408067346,0.21406306359837157,NumStroop,NumStroop.csv
20,0.0335630645198188,0.11337188778588136,0.23851088774410048,0.06003781923320259,0.4010982619945601,0.1759864396239417,0.11429223636169615,0.2251611201122102,0.48670935758604444,0.30858105337528385,0.2644107019753008,0.16095554622352515,0.022907024199680003,0.1326839906071765,0.5477358312469223,0.221140037802057,0.43061184799263613,0.1428033921837304,0.04219794786943976,0.044450673728139,0.05619326598466762,0.04285497239948756,0.5654613770646166,0.06874826483903405,0.1191886868728365,NumStroop,NumStroop.csv
21,0.0034071732514394373,0.15088578928588992,0.4962643137520851,0.09147312862837635,0.4623381986852624,0.17174956794861448,0.04342858909690077,0.050680012585157405,0.34237324792411883,0.5604515748478609,0.2804246619964248,0.009768536118009964,0.03801673517732336,0.12299083035022314,0.2509970948193398,0.22513755599384216,0.21041686044604863,0.13065217004752985,0.00025219203506572706,0.019331071184453454,0.05655190690684619,0.0426520386703686,0.5674734887835422,0.030446834841995986,0.06591410662941456,NumStroop,NumStroop.csv
22,0.013419593551811175,0.141102643365961,0.4833886443892196,0.13314487198883335,0.5250300724049557,0.11840640400012734,0.1441273320887674,0.06072806477487397,0.18157532852357927,0.45989709345162777,0.30857032087036296,0.022022775618432702,0.059938678161286486,0.036778870939343435,0.12971292009487073,0.333783648906788,0.2757250660941186,0.028827785089214512,0.058917429259947335,0.12026919378050635,0.19736345053179308,0.08644770397466671,0.6616664061745235,0.10022358713108692,0.10330097484917171,NumStroop,NumStroop.csv
23,0.007819874486647112,0.0821845540484557,0.1674345821389189,0.18355366973069692,0.3917166302972259,0.05133944889290663,0.09206068178826451,0.16284666693176744,0.28431316765888326,0.369314241647016,0.3068308292622463,0.09674610165404385,0.035008137289959246,0.12244858817570835,0.199245493167407,0.32512201652696954,0.2007794690245281,0.09553855453076507,0.003993892253276639,0.014094949326762507,0.025069932558273673,0.07854794064803454,0.5710192302051471,0.012684857836933664,0.031342210670821734,NumStroop,NumStroop.csv
24,0.02141445498020439,0.03193683277261794,0.29253098680482553,0.15320891276687182,0.5233137476379308,0.022851191035192245,0.162511165434865,0.09342973818186481,0.2521636712815324,0.33828472848075486,0.14971734258824493,0.05836907152818639,0.04784938670897901,0.03637080473573017,0.11872807073771299,0.1900439349066078,0.174314521283645,0.0464102628942041,0.009534767715212803,0.006912793565983897,0.052224267568156055,0.07202437972574846,0.5593654381192457,0.006755353687538789,0.009762441165586697,NumStroop,NumStroop.csv
25,0.012854570201522543,0.007882904289692589,0.0817456785526937,0.1368782004750391,0.6938209061332887,0.005696852533085837,0.10857288269677103,0.17475360613154126,0.23413037353013216,0.1609165415280233,0.7319733778193149,0.21092164405644814,0.02108560819459387,0.13752517828832997,0.21747418774968816,0.12426063030493262,0.5498708789328046,0.22770548038500085,0.006935591340242705,0.0017732246417385348,0.014446451742775666,0.07323259941734366,0.7439373185000525,0.0016566029808690178,0.04141754833369522,NumStroop,NumStroop.csv
26,0.011336993750387292,0.04132649559565531,0.22749855074528438,0.12277388396573168,0.8674488516390754,0.036810886346026694,0.2880001765066636,0.2483846721039624,0.10264684702783594,0.3906510276294052,0.5335223180421946,0.1433032527541559,0.05026225651838347,0.14906574672646233,0.17037121684281564,0.19498155458051963,0.44201839883933497,0.17690901086748007,0.01100702807650556,0.005095666197345038,0.01893080405553553,0.05430274914442014,0.862013356442651,0.006753796925972233,0.03831303667310011,NumStroop,NumStroop.csv
27,0.029308029208433905,0.09674048222010796,0.4313832373420612,0.09524788796964338,0.6269385354282618,0.10688296958615409,0.11179536020406984,0.11998692530652297,0.41758078700891255,0.30833324928961214,0.33099728823427105,0.08417983099606742,0.019682977105115348,0.11195262154316528,0.3754103613456122,0.15878446693487547,0.6115571736226976,0.1563018469689266,0.05195280370358738,0.02309155243928387,0.09045318684322617,0.0566663956158075,0.6866113531262577,0.02825145434762635,0.06209704753983333,NumStroop,NumStroop.csv
28,0.018512548830255052,0.06412557054173859,0.013017143750595856,0.17032772148371164,0.39119748586346015,0.04262522247502418,0.1543454870718667,0.31329911664104815,0.10051279211746895,0.44169514009044786,0.4157166580006183,0.1628229032997937,0.03779854894397293,0.17798627620760898,0.11105703109154497,0.32164882975396836,0.18374996514417574,0.13961490715296798,0.014890614433094848,0.024553481031965717,0.009247545735515499,0.08284934590176031,0.46391865648137237,0.02110402131358814,0.049791694370301176,NumStroop,NumStroop.csv
29,0.036554845501997196,0.0969622308053806,0.21395385048934712,0.09042694735409404,0.9028871014519573,0.11160545842320443,0.18055640589294636,0.42063249553714266,0.7714080070021216,0.3077133049079759,0.41293589315736356,0.3044837227541034,0.04268062770747674,0.3092726802736532,0.5168941501039961,0.13479077295880668,0.6922306775381956,0.4779488466827331,0.003960250427432643,0.01586152068929347,0.05176214411417516,0.04203422648585797,0.9377758621730585,0.02543701104586515,0.1250075206354988,NumStroop,NumStroop.csv
30,0.05119181182830543,0.07302323732594107,0.16744073047348293,0.09897795986046569,0.48310280032531905,0.07832582872665039,0.20399954160557549,0.21791838203131905,0.28267923807675427,0.19351069173474875,0.13871572460533876,0.2281728679894148,0.061377479966786185,0.1833081697356811,0.21293801880067906,0.14599950635858108,0.10973915630472945,0.2694255951730963,0.009078686314789407,0.012356785291881544,0.020965027617402408,0.04438846983117295,0.5178334859521515,0.019055065432681387,0.07883086478945858,NumStroop,NumStroop.csv
31,0.01825446912692276,0.05913090578438849,0.13714492210741666,0.11818095301901073,0.5297046199691893,0.05464812171662189,0.01084692734257928,0.3080461238244784,0.3436698272602793,0.13061746498697135,0.2811865796902947,0.4154507357737717,0.008396355346353555,0.2902393767934778,0.29185948652046245,0.11019130883451844,0.4462067890863372,0.5147210552283484,0.0017992519632527425,0.011337929663627986,0.030482299292642998,0.04689045258650834,0.5009478296205427,0.016699005370526737,0.1230882504539157,NumStroop,NumStroop.csv
32,0.03310979777113081,0.045000303209084255,0.1059556841571962,0.3754476342020868,0.27048967828121057,0.01217326617337268,0.05708455232468759,0.18836350790471915,0.06756804246117057,0.13397905447738562,0.1427534480601716,0.25602775005699074,0.014449672734531268,0.14860545562711788,0.22322019646482452,0.15819291773909153,0.16600943411451835,0.2067549763547804,0.008051135983726584,0.005987536930825579,0.006968022211536218,0.17246707141217738,0.27833359272444996,0.0018114106646996305,0.046001656213058004,NumStroop,NumStroop.csv
33,0.016154589659180398,0.026836667544828982,0.19899922231923847,0.12186828899125556,0.5290751763582484,0.023917026668043413,0.1447208677838615,0.06772472844650203,0.07848619919317515,0.20423043870902832,0.23284293057360972,0.0715763239919914,0.02897259054068502,0.06703792273433595,0.12011216117747944,0.12031597995516058,0.24138915490738916,0.11619146822695489,0.00633760638534603,0.00913688463279028,0.037723087761678514,0.048684975792386787,0.5251604706362796,0.013109592892296662,0.025122536031404102,NumStroop,NumStroop.csv
34,0.12640522828668696,0.13365292206464796,0.10134785972301819,0.1069254503594954,0.5989640055676975,0.13449483222765396,0.3052863413416872,0.19464166209899447,0.10156678095533324,0.2750149247546537,0.4714063028821752,0.15367039788003337,0.15693325528725027,0.17813669086409686,0.08669854062362509,0.16811338615928878,0.437515234882437,0.23612394107773216,0.01398756063941247,0.030661553780558886,0.03741293210055657,0.06638182220080002,0.6166856361786694,0.03244608623569065,0.0893773577476005,NumStroop,NumStroop.csv
35,0.01905015251654794,0.19958415108152544,0.2146322939350106,0.19272048750725243,0.4995480835395091,0.12163097972625515,0.21387744625280097,0.12924387909601773,0.28380242425460933,0.27566373379819376,0.28197808049992273,0.10137314765106517,0.14026516240622125,0.17865091812591366,0.3729497294046698,0.29133575409292006,0.24587158679976517,0.15248929341094417,0.1263468398129016,0.259259891948505,0.404073047280095,0.2699068242575148,0.8545289663859292,0.07338176239625382,0.10526167994724965,NumStroop,NumStroop.csv
36,0.31058649702685015,0.2850023220856135,0.25511842057083817,0.13128084509767615,0.3347817800437849,0.24272172385246102,0.3582343687273308,0.28402246192107794,0.3709801623033559,0.2562212125087795,0.2711061072532055,0.23825032199720567,0.11367936742574539,0.34513490735935937,0.2031658202827215,0.2134729555395224,0.2316083962810866,0.37784401154494957,0.4105899277141076,0.19304947797047634,0.25127298167117845,0.18529904144689682,0.4721171904852893,0.07861335954532267,0.1787525999330002,NumStroop,NumStroop.csv
37,0.2337923114393969,0.2961512516919603,0.32715686028574104,0.28140622916134295,0.43481656552504544,0.12835155391566377,0.9999999999999999,0.2148351752564036,0.10754985196454106,0.6147886884537311,0.2922350806579404,0.075325977418797,0.28124281945602125,0.2771119246662268,0.36681383544607854,0.30453480365081925,0.30196709399962757,0.22702047544162007,0.3021603853394754,0.4599388585257868,0.19546796729554092,0.27629144067788897,0.6935577519879877,0.12803761515604634,0.15863872064140122,NumStroop,NumStroop.csv
38,0.21234922318529384,0.47005390337463643,0.2695761543837996,0.10351947650970524,0.18826471023273977,0.48508315750179004,0.09663864711624824,0.06686784293061729,0.0909374016214377,0.9530111790033192,0.34295797812363177,3.89432553001591e-05,0.10233096589640403,0.1912414222045234,0.17115437359884864,0.7249663121131031,0.3790508835141479,0.07149221032247124,0.49956212483824597,0.8134749615345525,0.5157202478639694,0.34600178675125787,0.7059403328445759,0.1824297564358828,0.25456175533462244,NumStroop,NumStroop.csv
39,0.032477613624619706,0.12233211304512209,0.23041423247368906,0.14265562273340965,0.4452181483341153,0.09664872977260092,0.30096992213600443,0.31822798319189116,0.21872028506159658,0.2961241785905808,0.296826709009807,0.23707536058024278,0.08170092718517125,0.3078178285993777,0.09638217982038896,0.12806125317989503,0.13707232333423358,0.4929918568614064,0.09741595019382453,0.29752417802780057,0.23063909948081418,0.10933766323269827,0.7039815926047261,0.20024163897789887,0.26378851049589097,NumStroop,NumStroop.csv
40,0.1645432608418124,0.3464475406033319,0.15728961632217728,0.20839279286323853,0.37651001804035417,0.19817149650927968,0.40726750407956985,0.3188923542037341,0.3743766895474082,0.4058756293059561,0.2752920363647803,0.1797045110807496,0.10904844524183831,0.27753692007283465,0.18837819595184457,0.3082736264663642,0.22676827598301363,0.22502288217701713,0.4079584084225212,0.24418028270648226,0.20088565521252735,0.15206971507043215,0.4556913519176408,0.12045108943736604,0.17974698804519929,NumStroop,NumStroop.csv
41,0.03818021806300047,0.18877857268232648,0.2604106000245538,0.26908789549704365,0.6859004261709225,0.08438969475192806,0.15279388073622308,0.5627795285104311,0.16168623260168946,0.08840278998382384,0.5052676345813644,0.920467632520834,0.05624361983921685,0.29372658716446676,0.21144885087348708,0.10870179518838188,0.4588530308992696,0.5255042482339738,0.008398430653581174,0.04140707398586069,0.025915766867963787,0.12081222557280615,0.8424661125110515,0.024903908487639032,0.19924283102222756,NumStroop,NumStroop.csv
42,0.07836243974066891,0.0840924491842325,0.3898555421099256,0.12916944372320677,0.5496736754468663,0.07214891067951389,0.07699573932325743,0.04982733840161925,0.05500890104788794,0.3163891875510525,0.2523446979537742,0.03169494861590967,0.050325164305524986,0.11014863171023703,0.056360653727269686,0.20068867675143132,0.13448811691571982,0.1285639698987031,0.047869631557604556,0.015909930361279273,0.09018186272798993,0.0701612561648054,0.6489875430173316,0.015998742472066688,0.034570654159510786,NumStroop,NumStroop.csv
43,0.13512702822045286,0.05743918196577575,0.21148750016053525,0.16224240711914975,0.3107758990954249,0.039826420825123415,0.11770816309577618,0.14932298770656796,0.20919463366420762,0.2596059504638072,0.3023439429289068,0.12386898089097606,0.10658985368059853,0.22493928619815276,0.13855299640592586,0.27014259301102056,0.19455261715070565,0.2041185565301539,0.44072143117278906,0.1322306298293512,0.2724527880773986,0.15746683304147482,0.6041832517527919,0.0627418525077353,0.0873176772207429,NumStroop,NumStroop.csv
44,0.12852817860802057,0.04466748884332009,0.22570372141625825,0.08774646856695148,0.4871480628441277,0.0530777967312506,0.06367144905169136,0.07216934996531649,0.28822274384284596,0.38328793865066135,0.3065846060118138,0.037126872360996016,0.01510954462358897,0.09418516061100114,0.4697378884030206,0.1865040050954864,0.2786782645176656,0.11688783049219388,0.1352605254166466,0.03278453628391254,0.059147050732264284,0.09726098551277668,0.6877414648226203,0.024240889076489348,0.03675654353428402,NumStroop,NumStroop.csv
45,0.02402409393866832,0.017523683018928437,0.07260054604793433,0.1764900760808983,0.5304820683226195,0.010128186143539109,0.2045654774594706,0.09801390404031426,0.3449232126622938,0.2628556601039419,0.16482304122228947,0.08027229118745653,0.05802337375672538,0.09846962588438819,0.1463829800177606,0.2101736225722856,0.2586356972160127,0.1110852043501614,0.01310989766399775,0.004962054831421058,0.029470970720159702,0.08180621675637478,0.64706166728454,0.004162968825546086,0.015012032996557914,NumStroop,NumStroop.csv
46,0.05272151234245777,0.14003614666981104,0.10926474273948622,0.13005097304706004,0.7841614164309052,0.1198691969222205,0.10921021782882737,0.15527301529541818,0.3942670007913001,0.4465060326888499,0.3861303347584595,0.07487385428481819,0.04650043103104416,0.11351775724668911,0.2758724649612756,0.2399649583955551,0.46484196890715684,0.11465473720565844,0.04213016382409695,0.10970838703386647,0.04074586197166967,0.0738767134276899,1.0,0.10538505734753709,0.12443043531511845,NumStroop,NumStroop.csv
47,0.02375972010416066,0.010543452157317685,0.11456557559623808,0.2147027637927058,0.42504983351918496,0.0038800522486299354,0.09624077909074542,0.16585569490662622,0.4865167492229991,0.34907088369271744,0.24778812442265657,0.10440947892833344,0.029577780338885494,0.06456279080902984,0.22540333497520823,0.27912086183701,0.42292307019062375,0.05821005643351803,0.011639458942102214,0.0027016472409636966,0.02374491214449885,0.11352382559601099,0.5552192299674406,0.0012394559031424829,0.007963991862477395,NumStroop,NumStroop.csv
48,0.01180885889919978,0.011249037602131223,0.08810838412529282,0.1267425804278614,0.4867286611089069,0.009328723093541998,0.13374831032200404,0.23126976949319375,0.5384201113002507,0.2629240076175633,0.2189239481315371,0.18989998342716571,0.0371272067117794,0.1837746158702497,0.4414216537521975,0.16357965707345032,0.26370118081946525,0.24850565641856062,0.007566900325191085,0.00221978001345671,0.02241597161324412,0.08517567112771504,0.6662625554773453,0.0016410475554256424,0.04204962026785681,NumStroop,NumStroop.csv
49,0.07075921179303903,0.13711240782191358,0.496886733382835,0.12766072064120998,0.5241252118160916,0.11920419068959115,0.08803803187502,0.07361293241711683,0.6430065960083702,0.34974419796933787,0.23753427920750753,0.042997689360724636,0.015039211124078676,0.07783384711442486,0.25608352916829785,0.21105204171410902,0.3242231618995411,0.0880813898766356,0.06989373819654059,0.11262217339502224,0.13512643105778227,0.08097943654552978,0.5800393107516724,0.09958800500624289,0.11238686508124947,NumStroop,NumStroop.csv
50,0.025648063630978598,0.026131358899007497,0.22764987169592996,0.07400893690260009,0.45239803429822645,0.03616503779716082,0.023036138273430363,0.019159993664554405,0.20816109521220338,0.07772019331778923,0.19470898498976635,0.06145552783682241,0.014085149371199186,0.09740764569644009,0.14084675661997684,0.07259256442206496,0.2557737225826276,0.22799966411540684,0.08914634158712394,0.08038999196359088,0.13468223657498296,0.058908086797404904,0.5536060960803182,0.0943905437781258,0.10858635258285805,NumStroop,NumStroop.csv
51,0.04955968887444201,0.03154793540822688,0.017622823669231416,0.05067118351312301,0.6521817512966899,0.05724752945255016,0.19145085947530183,0.1795967740977638,0.1561241459479739,0.19575268385321834,0.13693223252472342,0.18749762630673272,0.07032329328028594,0.17990495006042162,0.24529540662099503,0.11073870893736062,0.128955018734347,0.3201921519593957,0.031184975779176238,0.008040864829609046,0.009366107385591472,0.027450166351330154,0.7738660178806939,0.019089510118812797,0.07526666244682684,NumStroop,NumStroop.csv
52,0.0061527805987669024,0.07966990836829876,0.09787111192734263,0.0901253888822716,0.4144655624516961,0.09206900669088548,0.07614449994796917,0.05377183150065945,0.022827290450291953,0.2780027854869209,0.12097270616813034,0.04094984187228155,0.023162080163738667,0.05406494533199421,0.12402627905581876,0.09821204239887671,0.147515410777191,0.1084519234945969,0.004513702882088185,0.01632001933351238,0.010588756269608117,0.04906451259444948,0.5507812466896339,0.02284021821865121,0.0434669247325465,NumStroop,NumStroop.csv
53,0.046394972172483284,0.029724803659317213,0.07968296279869651,0.06577625257540541,0.5045030574328513,0.04484903197306011,0.29686461576995155,0.09316745272893132,0.05283521527646111,0.2845657635147505,0.23598956658227216,0.07034649842440412,0.08984664678407848,0.09299226525262144,0.12367359307018741,0.17084461184840782,0.25914631303828517,0.12350235836366613,0.02093289874533989,0.00651645324544768,0.012744440230878026,0.03334244033978945,0.6397924563230394,0.013420809029162376,0.03060660977747371,NumStroop,NumStroop.csv
54,0.08564926489761729,0.01639996086094869,0.379097479945765,0.10156149278486111,0.40694607968639246,0.017411671344456932,0.10475632325128087,0.03128079709979183,0.06651499597275967,0.19187878166431713,0.17666760619775668,0.03851617408116258,0.04641005020210584,0.06505932679058987,0.1861210840019786,0.12303772198312496,0.18631996408999424,0.1111875002860666,0.025566532847996853,0.006395313477550266,0.07401681072670942,0.039294965953271574,0.49107358464766965,0.011409698112625417,0.01766522901929459,NumStroop,NumStroop.csv
55,0.021476555239997492,0.022596724901038145,0.18051519033931318,0.12874759035274028,0.48000267339927105,0.018996947882498436,0.03619292126524707,0.1029969211610677,0.13558539650435647,0.17879189446677626,0.2792293215346038,0.11856922522712307,0.010947645762985592,0.06347027697714772,0.1102672188981211,0.14499335475842703,0.2317689798221791,0.09660953912798985,0.012166927583144072,0.015047432786324701,0.027475934451914284,0.05968179475157037,0.6273473326679194,0.017641516358036877,0.03135342232107664,NumStroop,NumStroop.csv
56,0.027082904919894676,0.23086936513791653,0.3591544973033217,0.12213367729607151,0.3356135455324646,0.2085919718799114,0.17666263450063868,0.06799446803319782,0.6864599159670309,0.1187702276740592,0.13453403483082937,0.11127149311846019,0.03879038254479853,0.08156761506184575,0.8671149129506668,0.11410192046962764,0.19307492919177194,0.14536751515860316,0.04307264267527904,0.1539196519485572,0.08509909873345414,0.11767840336820178,0.3734834644870708,0.09648746367929316,0.14403391451590547,NumStroop,NumStroop.csv
57,0.021128476683755615,0.04829523427633146,0.23292914691193556,0.18758661590135803,0.7277112830421828,0.02884870292485273,0.08995765841913599,0.028383678903857887,0.4771999056636201,0.1506375078758165,0.17948094556795507,0.04614935851944628,0.031490140100181536,0.03119201181693091,0.3583598285096173,0.2091254437222877,0.21292206221092524,0.03720699390573422,0.015521007267828141,0.007610424596114869,0.060690333760334746,0.09070790538503634,0.6141338011376155,0.005781942529928375,0.007670431952279531,NumStroop,NumStroop.csv
58,0.04225927769198723,0.07009642744584342,0.21331258387209778,0.05676370679863371,0.7721241080845004,0.11409868546068808,0.06706356274974384,0.10017894491598295,0.14721740813279363,0.2035653042789131,0.3224387585343125,0.10374236406829135,0.02538288942213196,0.11268842567840913,0.16721109828015926,0.20650527487448694,0.3466101984706508,0.12852064097223356,0.009640797181158057,0.007807967508206282,0.02563803052518057,0.03632322915424366,0.9895789444750676,0.01471111574400355,0.05130246091597748,NumStroop,NumStroop.csv
59,0.027627109138949033,0.015159989965199131,0.3067175264263745,0.1539170837490095,0.6905441632507221,0.010181073528230996,0.12185999155673814,0.1910196146359123,0.19748017489124062,0.21360989524968546,0.2977903774774563,0.18603234120827566,0.002984642349557722,0.0685641744162508,0.19367304762988313,0.15706818618476123,0.29549447468312856,0.09804601033601418,0.005908873021675645,0.003250130653693054,0.041152777845066615,0.07895174005617167,0.8467043883969996,0.0027931715692249377,0.02522333642059122,NumStroop,NumStroop.csv
60,0.016447927705102564,0.038252497736972355,0.14773036572516063,0.09866561778565115,0.6131883371217248,0.041303989943871966,0.03784049906571714,0.07216385079085019,0.17427082533528213,0.12334206785598634,0.22999687543624814,0.1139799487845202,0.006083610623748079,0.05308105566895767,0.20369588462806312,0.10605686232291431,0.42623721949720744,0.10139137808885332,0.006045867683818468,0.003826310859093184,0.01599802454258791,0.04850667612490797,0.8282838118530023,0.005820911881742885,0.026126654032759787,NumStroop,NumStroop.csv
61,0.018987145671898492,0.040360820951314116,0.07928551854628507,0.08089911260683567,0.7348326529305274,0.05129828075643788,0.12617859798373623,0.08346660454209914,0.024054360038126398,0.27976607219206273,0.402482330816995,0.06397327985014503,0.01035570642487246,0.06556543963220536,0.06548003335176594,0.1878648643928287,0.45368160924458495,0.08188029640837703,0.009782078308703368,0.007625701955960159,0.005858979550863537,0.04763427579235548,0.8891551638237476,0.011258563374845027,0.024540023436946133,NumStroop,NumStroop.csv
62,0.12179736451058136,0.07184035642982949,0.2430832961196315,0.0996176862185053,0.3319335550047631,0.07665883564061798,0.0930352350713903,0.06203275645792555,0.24209361484462238,0.40428651026116846,0.22478721147787445,0.028387297903650396,0.03209070050469047,0.06042923882338899,0.2971952086425633,0.3285611147971015,0.24720581664474128,0.0473089726960489,0.047181291997313704,0.010718604188675688,0.02692427498801657,0.05349459288215229,0.369023821503848,0.014010049329417556,0.02399184624198402,NumStroop,NumStroop.csv
63,0.029207919413685,0.04402038542544273,0.02915205691954137,0.159243050910925,0.5334975791639577,0.030766321147691986,0.1930407357653972,0.011435311835278232,0.02397044275931025,0.16455967358488574,0.5424814072295863,0.02304714252627392,0.06453374705642886,0.03944352012574974,0.06776851874677145,0.13198189647928166,0.4230219433575267,0.06607372084123278,0.01531824852284688,0.004448494835787248,0.010806137013953004,0.07434732812722218,0.6947035129006189,0.004172308291644259,0.007264320419015525,NumStroop,NumStroop.csv
64,0.018474932295900994,0.04881969994009352,0.23242158299599264,0.12198890253005552,0.4454466724567182,0.04381601621218396,0.18572498911570895,0.03168926287856247,0.03529844423989999,0.39803722797010066,0.23218699701724244,0.01092472565998305,0.06040733722122294,0.04122018889194227,0.08144060422443909,0.20334940540066904,0.28262548240052526,0.049404069351633974,0.010402500383168702,0.009711902158900576,0.041805417926410245,0.06310096278993,0.5844268996411066,0.010853966754042316,0.012338882834250678,NumStroop,NumStroop.csv
65,0.011199998389008887,0.08692488467469942,0.2935078812041105,0.15598381881485474,0.23912990132686546,0.06316177536945669,0.07002655568310308,0.023370003128779647,0.21247068000734914,0.3161438338180462,0.1591865395610632,0.012752096213034726,0.017533195733976333,0.06419705982516165,0.3012862868043135,0.2325081841446618,0.0876058759839818,0.06755237373100685,0.05480097875133282,0.03334694953656241,0.08727015865142142,0.08406433962220612,0.26104812090997,0.02834462559774941,0.03370586158136812,NumStroop,NumStroop.csv
66,0.02720105448302338,0.08012442625025702,0.07470681976651829,0.10051619173040034,0.562572320294052,0.08484112492624363,0.1207351144189563,0.12493464059264062,0.16530242801595973,0.18696629971017872,0.5047513180305967,0.13720917607774222,0.03092905643895184,0.1274137175017565,0.3267672621415945,0.18568306563698866,0.5183094152859592,0.15752527066866395,0.013251429124398797,0.016377531265621945,0.0045322860768498095,0.06079114181384403,0.7587124522215797,0.018856607266299986,0.055961075817752046,NumStroop,NumStroop.csv
67,0.005346688721915745,0.05826426623251913,0.10159216254303241,0.14601035517513214,0.4244620606132345,0.04458116427025743,0.08076781135063073,0.09429852685452411,0.11596998589121858,0.25219157997510966,0.30834595163158846,0.08042813035583221,0.017666078181880884,0.1487294619357961,0.1534131425827018,0.16339364576292056,0.33857245809846037,0.20201294373267484,0.0013037109625358577,0.0067120557731188205,0.014687420731814518,0.07411753547956733,0.5495268032467311,0.006357374091376084,0.03491831252822555,NumStroop,NumStroop.csv
68,0.013248209996701385,0.07391916515654723,0.14972705993774113,0.13198427629523557,0.37447014592633693,0.06216249631153774,0.11034510930860351,0.008376435036783418,0.08814136557880783,0.22273645913751947,0.3059457645538635,0.010877044617293156,0.039660651319162965,0.0379746936467683,0.1645821165829546,0.12614870529984124,0.2678439788045013,0.06588642749276877,0.006237745591626642,0.022623697477716653,0.015257092675242234,0.06389241484383967,0.43370658877275886,0.02481878031993384,0.030073180126671796,NumStroop,NumStroop.csv
69,0.00492782681866746,0.0830412614431686,0.25182699156055455,0.08944946024066562,0.16167127974603013,0.09650455357792208,0.07087258179915808,0.13521881748759898,0.1603079086419368,0.35464818105972973,0.0635379341080977,0.08266327475888803,0.0701492669162574,0.1381047123246449,0.29629381632499263,0.26656847266923545,0.0983108967940909,0.12742732884820526,0.0009747221748222974,0.017725437177410035,0.025418651532559514,0.05173099877891567,0.18910878508773332,0.02362221249744097,0.0523784658895176,NumStroop,NumStroop.csv
70,0.02741893229173916,0.10444042794867962,0.05075132489274837,0.14498380367401661,0.2942264589778663,0.0812167892462515,0.05407092362515867,0.027749276001946876,0.053299873054677774,0.18113595001281632,0.19988887508351944,0.03733565727424604,0.019528209660183343,0.04082868092954357,0.07549442442188235,0.10771892503616398,0.1733991477996515,0.07854652916330451,0.00997481048356309,0.022374672732128658,0.006154735876003162,0.058506673177817894,0.3572999349397103,0.026603892756154723,0.04039898679584245,NumStroop,NumStroop.csv
71,0.011493868028502259,0.0877277327161384,0.11562597200543753,0.13276192633411996,0.2486337116565594,0.07352822189141234,0.09867104826970047,0.415042046309812,0.3523122990068427,0.18338109045844378,0.10691746804536444,0.44529790494992716,0.02198488248072538,0.46315609983838113,0.44158842864553755,0.08004801514520443,0.07115165041466269,0.9967434617191306,0.006187140635562614,0.01157233862667849,0.01744694527322714,0.06270390976626854,0.33228061555386873,0.012986292694230347,0.18376665345320625,NumStroop,NumStroop.csv
72,0.030727506200680234,0.20138945735139638,0.0930943525593114,0.12786033347237113,0.3987687343649019,0.17513043878643106,0.3443700641910411,0.10306273456599283,0.35951953817844373,0.15765884451737058,0.23009022582256078,0.1307673939014146,0.13377159614534231,0.09623757483288252,0.31663041195718994,0.08767003709030088,0.1928791597539513,0.2018263858186299,0.01289752210516026,0.028526791429495994,0.015599621551533736,0.0706968491282548,0.4444547274316139,0.028490446556439904,0.08800644776592982,NumStroop,NumStroop.csv
73,0.015030571797371745,0.019272858088471893,0.07603913031465744,0.1550592953854872,0.43219133734941884,0.013150122279429511,0.15360900802253943,0.37658572443383986,0.3787596827201354,0.11818052990761216,0.3939042915617914,0.5348975476264802,0.061522424562887236,0.2456872593600855,0.3991743292337583,0.06236165102895237,0.3248873661711691,0.6106767561773921,0.0035364409789513662,0.0018416659507976627,0.01771838099113928,0.07130717248171206,0.5170062255811108,0.001798819285295145,0.12719567927817027,NumStroop,NumStroop.csv
74,0.03977502388932036,0.22785427643194733,0.18356654356005267,0.10430006624340264,0.6648333794123666,0.2338314814799092,0.06227945404601824,0.2394034597069675,0.5454562814604199,0.1978408665853658,0.09059050007760598,0.24598244797855537,0.01737126780636468,0.2407961906514433,0.5837384826254441,0.09635358938094118,0.16962627272685293,0.46654128512671406,0.012336241609926538,0.04245430888294226,0.031931832800187646,0.055362240944462335,0.8511833779379421,0.05276467840020116,0.1661479061697485,NumStroop,NumStroop.csv
75,0.050596823197794585,0.12342699543227287,0.07029947672868296,0.17174654171109727,0.3065537806833351,0.0827768470582976,0.3140314418399909,0.08220683227593358,0.059741914791404005,0.11308618242967772,0.31650384819643246,0.13498308432336129,0.07427037952495895,0.039204834144224154,0.13306600742634578,0.07861325108282124,0.26889317788313316,0.09225259551481886,0.02008692539727548,0.029225681134560665,0.0055587182408831995,0.08209184153609973,0.4296263822596739,0.025379266573640816,0.05318471909821905,NumStroop,NumStroop.csv
76,0.0495842985157641,0.1378419987589431,0.026291186117873074,0.10980972445478397,0.7300101820152094,0.13574923901184358,0.36788422056718006,0.11957159708294629,0.2593361639797237,0.24458312659373646,0.3437429272660539,0.1047490713301138,0.11844702086419642,0.08528562163730219,0.10969697566683434,0.23306265880145066,0.44096360084661884,0.08880192932329535,0.013380925563353472,0.03780441790398322,0.002781415500089064,0.058446793757783264,0.9325315961989198,0.0448233660864772,0.07704964879946143,NumStroop,NumStroop.csv
77,0.05729178552221234,0.0867572799239102,0.10795688514099874,0.08973880118463863,0.43847695890742944,0.10053468533102515,0.1461052627986926,0.08102811672792676,0.08239861895310056,0.13936532331373788,0.5635996805018719,0.11546868619133072,0.049682775813309064,0.10002021788808398,0.047385388866066705,0.01601957840082041,0.3698625286518084,0.41387941197520034,0.02007783706508443,0.016606040331197572,0.02342791431719174,0.04121487704122383,0.6227204778524982,0.02704641013992472,0.09350345343377132,NumStroop,NumStroop.csv
78,0.007366474553995401,0.06247883811256957,0.2849845621412792,0.11551681035438847,0.41465889840795245,0.05890427487903557,0.005865072446992616,0.11449707355756511,0.23629117482323495,0.10746219379125588,0.0865923806247461,0.18602906661226232,0.008126191057128347,0.10113426312927741,0.21019038097985182,0.0390315175653793,0.15379289708095273,0.3187946203507887,0.002161316601995991,0.016626979448177898,0.04425811010935387,0.05797396772261283,0.508279156286275,0.020000062750774383,0.07605607131602451,NumStroop,NumStroop.csv
79,0.07589905610646482,0.03181172079632378,0.041786854186978035,0.1351588538421671,0.37336606452457677,0.025760912844619184,0.07556141468680107,0.14218676580705195,0.4602139118880884,0.19565984480827883,0.13518148641785344,0.14975344116974235,0.05639321807829215,0.1223511410848158,0.2729916315196891,0.17777081096152572,0.2143068719790962,0.15655024049249303,0.026818402582610614,0.003724222709572844,0.009666609303238783,0.07652208552488526,0.6671652733277934,0.003355083000836861,0.03145644108515387,NumStroop,NumStroop.csv
80,0.054249549358064836,0.039270804734208284,0.09495979408762248,0.0957569440473693,0.4139054577951932,0.04348415714542929,0.1683445306940416,0.04619584483993229,0.3067415333743958,0.2217574030854337,0.380931540271774,0.04611227509876219,0.045899442308113866,0.11938420653591306,0.31021051609422545,0.1362881218146248,0.4005360452066095,0.1859358188143168,0.017359069326300023,0.012062848829072884,0.010274072930010333,0.04948893599947769,0.40876277263832567,0.016884598908842068,0.037571237218333046,NumStroop,NumStroop.csv
81,0.04379213526638864,0.057821359519123004,0.10738634217591052,0.06025360128657126,0.42508805192966237,0.09076721135695291,0.01253046608727441,0.15323391994032823,0.09300035219599317,0.21978327703535058,0.22372950923184665,0.14657391651849114,0.020910971537350928,0.11999846467929517,0.2177015354105068,0.10428294412975761,0.1994036708639395,0.22413496322519968,0.017343782101341677,0.005155513395552132,0.021391107497561856,0.03629709342673927,0.5337543183644119,0.010083258859570432,0.058684582591775475,NumStroop,NumStroop.csv
82,0.05147800936085087,0.04316974472222477,0.093278265982473,0.14056108146930882,0.1979151633517876,0.03396725762247146,0.12094961976821343,0.09801854482845157,0.3355743508174843,0.22995826730433136,0.2572336284890154,0.09116616363102735,0.03013099253751084,0.0471899160091575,0.2755918926944179,0.18503100068936695,0.16744199508951552,0.06055150470696132,0.017722764431676686,0.005112894550035655,0.021164313113490214,0.06891613502904428,0.27270648307157597,0.005241392665221635,0.016517151341287215,NumStroop,NumStroop.csv
83,0.01817123341643772,0.011392726165676648,0.17456196216332728,0.11514919199282679,0.2607245283430846,0.010587627590632753,0.12123147587832427,0.08799019787161665,0.037109771304343356,0.2813533578087246,0.17157691395086083,0.06712870192915597,0.06755101260212645,0.10565258037074779,0.08099650334064998,0.21034341730091288,0.21039623264188861,0.11891265594114458,0.0157923955849364,0.001931540228520241,0.02937017733279805,0.06275632947968805,0.3225902794981599,0.0022844401646158873,0.012826163480078076,NumStroop,NumStroop.csv
84,0.046253063844086964,0.08609336106563506,0.23975228141035856,0.05563154284910021,0.1772372151357231,0.14140470182626996,0.01734663946530172,0.165793203491655,0.2208286364287739,0.20081316310122735,0.7570471325838297,0.17013694104980717,0.018448276335240023,0.1233854353156791,0.3188175201417671,0.07952329081231813,0.39799637143323807,0.2721046980083978,0.01669488296385747,0.010440334505615398,0.03803829223687536,0.02206662151508459,0.19784597971383083,0.028663366293711794,0.09385087597152134,NumStroop,NumStroop.csv
85,0.026385726871737982,0.015821629193920564,0.03915249309124369,0.08698394538014564,0.45072667587685633,0.019489589578445016,0.020344303733270976,0.3260324929192897,0.19889807989406663,0.07530797865312938,0.3196631119049193,0.5871847559082312,0.011374262122251589,0.2569270844177239,0.24765558435618995,0.05296987396117968,0.2942252669823791,0.692296415538288,0.012641525644475205,0.007557811260374185,0.002557360983421125,0.04699233654933052,0.5339097545413253,0.01130664413940403,0.15251081088236929,NumStroop,NumStroop.csv
86,0.047033504073292765,0.03269968566433675,0.05264652606389232,0.0632472147613244,0.5107719878356884,0.050588681503259056,0.15497911750084453,0.07525242080528445,0.07682741655639819,0.12492233455543242,0.5228437589178843,0.11708183027395525,0.056308351022283674,0.05952345026549641,0.03235435038719796,0.11593683441294003,0.4315400137929894,0.10642988534852368,0.03731226998215976,0.01475949102420956,0.010223075207105461,0.0402201658807784,0.6030726847492098,0.024641666689895876,0.04508045578980231,NumStroop,NumStroop.csv
87,0.10921708766878241,0.0517347081295247,0.4882209045012443,0.17719444675665932,0.23136341843037567,0.0328191241258525,0.047795031497104894,0.087732486357527,0.14287470072484296,0.2309094074298879,0.25781727282407313,0.08153539315862925,0.026492734224246375,0.0432085962864747,0.12441774073531503,0.11816506137179639,0.2864375703111668,0.07773918090923616,0.09782546776481497,0.1074108828724216,0.13736582748490342,0.13017141575312546,0.47715993174202503,0.061031386002456965,0.06448203442101517,NumStroop,NumStroop.csv
88,0.059314482141793023,0.09333614712831041,0.0692116197864375,0.10977812153298362,0.32144383580974745,0.09192429549098383,0.3695994162927834,0.10772567063973523,0.09245672965614518,0.27222570084738507,0.3133139203597886,0.08531482612489417,0.1463321651780067,0.09706001420443827,0.2190625656427689,0.21102909764131889,0.32402711406838,0.10917850756995998,0.03947166452542105,0.0487349947212876,0.03644736633435502,0.058720338990781606,0.4532014239303241,0.05747578277733794,0.07834120766716784,NumStroop,NumStroop.csv
89,0.0336431084871074,0.060706387373247954,0.1702589633005509,0.16120605124503187,0.2729596659931385,0.0424213927924661,0.034817534643848166,0.07229294766642914,0.12308385306790133,0.3503512049059315,0.4192714604560116,0.04202621693538869,0.020723251634326274,0.11487414392743542,0.15376947084789822,0.3587399840402685,0.3917244580915307,0.08227873610858491,0.02114348290118015,0.014633062482140703,0.02426218893384011,0.09106049372213071,0.32132234974318846,0.011354729086319475,0.020078817747465838,NumStroop,NumStroop.csv
90,0.012938037864302912,0.10002476271393325,0.09951614946561319,0.1622992130631165,0.3685307520560221,0.07031463574909864,0.08014703074244148,0.33952097183582053,0.4853826871025868,0.32856561381604965,0.3969515418965045,0.23174326758335181,0.03021460993906033,0.2075422844342867,0.4178474609397482,0.19219662951057687,0.3499410228581165,0.2478696366628975,0.005457038653667512,0.020145831872979705,0.01926223174493977,0.07283020771380033,0.497423068384835,0.01955670091544111,0.0754527915464787,NumStroop,NumStroop.csv
91,0.023839259608787616,0.14392790556886428,0.05235281780900898,0.1623019776092959,0.5181468341114754,0.10175816860145301,0.05254903060424283,0.6742158050608276,0.18866294154733734,0.20750918427526546,0.48712344782500727,0.6598095569337464,0.044890149751131085,0.5306184760311657,0.1484129037096759,0.24612884286422837,0.5782638913053089,0.5170475578108823,0.0070207619959423515,0.017418323137199945,0.009830009430730837,0.08439349892050715,0.6723638767951623,0.014641935266487556,0.16154364933021365,NumStroop,NumStroop.csv
92,0.012289461258986471,0.028466358174566275,0.0387082397804947,0.17432734146501272,0.49426965969124437,0.017661516495821268,0.005354978689798632,0.17771161948789843,0.15444235042473378,0.3717740930982585,0.44533637490907496,0.10549373682761262,0.005518985589152979,0.11668953037963802,0.1840587026311981,0.2896559260740592,0.539411123102919,0.10063130156259432,0.005156254943861732,0.008664909204514109,0.004759508852137516,0.08813236279619228,0.6704049305094627,0.006838750541053244,0.020765619721105216,NumStroop,NumStroop.csv
93,0.02947985325109654,0.0717231168951175,0.10341249771624424,0.08590335286724844,0.6064428646363189,0.08615137276545481,0.11152904456726875,0.16744786205869425,0.3920412925824898,0.33292067834938355,0.4598696973644144,0.11048125599154693,0.03404237751355722,0.10441454376455117,0.22034469979187468,0.22918224236643536,0.4719651284701278,0.10969049249513922,0.011465897355136569,0.013400674445237857,0.02723795896254632,0.0545823097562554,0.7490921402358511,0.01710088540957389,0.045927959065213145,NumStroop,NumStroop.csv
94,0.014766490525190832,0.08540378760072068,0.2764516833421365,0.08622929358145652,0.4160042516720091,0.10210962877094999,0.21756726167440463,0.22288485668419736,0.5094727402056634,0.22978247208347827,0.5501108374744048,0.20433582456168034,0.05158310224658989,0.1993993160706289,0.4852785045118641,0.11064742288432197,0.4911320033455581,0.35445917295162294,0.008126695127709653,0.018308339606054314,0.05128249457469573,0.0489896431119735,0.5552306199875455,0.025594330471280773,0.09651582449452818,NumStroop,NumStroop.csv
95,0.09369869953770453,0.04693538812925274,0.6897755701704258,0.12355656505339659,0.33436306930717363,0.04163020397736736,0.21687042224100542,0.12852457379416965,0.5705979833894818,0.3846466861959875,0.23264406840576712,0.07164003374390106,0.03913097595734823,0.055723770399035547,0.3662878970258745,0.13436285473013446,0.17870445799485585,0.09019359954979246,0.018225808038313956,0.005109997947792487,0.04008146060764176,0.09788104976379672,0.5575439085817273,0.003431397789737004,0.017706878899170553,NumStroop,NumStroop.csv
96,0.010372650061981905,0.013581268566857572,0.14605674561171317,0.10515957834862676,0.46140820438916563,0.013949791425811615,0.1095063930531974,0.27048924912845196,0.2407908627879366,0.4225128584926028,0.11226059634849377,0.14542099058560662,0.055798303580557033,0.15195892340051992,0.19290060089314415,0.19204281483961394,0.14102277499203925,0.1824284086752796,0.005210430537432854,0.0024911525862223926,0.02418426049644295,0.0666147921637034,0.6394116488102443,0.002683694925468087,0.030821939291640406,NumStroop,NumStroop.csv
97,0.013699219873208435,0.08143504172509905,0.19389200118450128,0.049082203599864455,0.7266660869626111,0.14539606116945447,0.03448753479804461,0.21053818817329079,0.2068575308476746,0.19573818322086037,0.23441214679043693,0.21877408489731517,0.012646718302314744,0.12501774658206785,0.2614595126548174,0.10488241244593513,0.23165026917013648,0.23239073714535446,0.005634327900674545,0.021412286381238044,0.029709247930047852,0.02823291520855518,0.8140270683799311,0.04702247019077902,0.11160565984800734,NumStroop,NumStroop.csv
98,0.017057928160240377,0.029319668863967967,0.10329548703977437,0.15364823007150957,0.4971555983880326,0.020822394325512403,0.10116835464949801,0.10899898698089994,0.14981895611477855,0.13617654783314104,0.3663879090212051,0.15284896822243743,0.023147223492195515,0.04183863955982836,0.06792823443890925,0.23865827944663792,0.2125810687830046,0.043860771675830586,0.012824445284906305,0.0104627926819773,0.018422200347575697,0.09423698421584017,0.6038039556901273,0.007739819870809101,0.021371351929905122,NumStroop,NumStroop.csv
99,0.024740626455486345,0.015007088978931778,0.17289056335445338,0.18666808268283183,0.3831586352851138,0.007830738235582481,0.0612318186991425,0.0880470562248477,0.35877508344048936,0.21938782492786083,0.2911875971051017,0.0858159010603265,0.017776854218484885,0.13995977317778568,0.36346852472489805,0.12507055177868068,0.2627649514745979,0.23061168223547687,0.011943861991987405,0.006238534079759348,0.022253746539849215,0.10174581315704516,0.4939171405715455,0.004074670596360113,0.0290325680046868,NumStroop,NumStroop.csv
100,0.023699925524695624,0.03787741103110892,0.059359728738151304,0.08694790616879053,0.3523657369772745,0.045475017084976165,0.01996644604193413,0.042948209608765234,0.38326291709311305,0.19034796827728298,0.24740969520439365,0.050880757022469705,0.009338391533462517,0.08403887598502943,0.3798758683551752,0.10416120270815041,0.27480493488204016,0.15890535616440846,0.00540458655116451,0.009773879592622416,0.010247134957513998,0.05096469091547909,0.4720491792430101,0.013404881552393862,0.03247920959936401,NumStroop,NumStroop.csv
101,0.0785868859633181,0.09775383804751434,0.19322629968508093,0.08071204484031187,0.3665718130843044,0.12280067934692233,0.09352653529379694,0.01259332396422777,0.08705694529696874,0.2881745819712721,0.579556327684493,0.007449777044745344,0.050157628362414865,0.03741158833046904,0.19046602848812527,0.23915639812406386,0.4982540801625776,0.03938650188864582,0.03684851713196603,0.05618674222672292,0.15987049394472122,0.05727410646943186,0.4491905089235296,0.06769159264313138,0.07607319097525504,NumStroop,NumStroop.csv
102,0.08999346821229279,0.20311456602612563,0.2136326338724154,0.1689150080929704,0.14777759331189178,0.1391992195844133,0.15369638844547848,0.09906232326428091,0.25540637714130104,0.23074065616202485,0.4206072722386113,0.09182465503514675,0.10594080228689644,0.12257044018092385,0.09577289133875333,0.133293878744747,0.23215975167687136,0.19379307059789286,0.07525900583885803,0.1777637107938553,0.239459548545668,0.1515504355825171,0.10088974590624615,0.08777211293088719,0.12492213836133258,NumStroop,NumStroop.csv
103,0.08810656157100044,0.3998157424211156,0.2010002687002773,0.0811723686643503,0.28139544221125184,0.49653785511856385,0.06939370813354678,0.43679777313093693,0.26899637688796246,0.24638734301105106,0.17770599842614732,0.3775807267416603,0.00792402948844418,0.10786879078334079,0.2421797625920521,0.24178099659397934,0.20470408053233413,0.10838501895792688,0.11110620438145943,0.15655531879444515,0.05937565441714294,0.04138109748431046,0.3416511819357349,0.24721912516760408,0.3623419334187517,NumStroop,NumStroop.csv
104,0.06783856232379137,0.2372790327822833,0.058551270629144794,0.07949585755657537,0.3822453137752406,0.2997417178281313,0.04553864068599294,0.45005805547262334,0.2901912594873639,0.3967388441917723,0.42709095550579335,0.26233235568059377,0.04359462332526838,0.29805355506987946,0.34907413163980333,0.24297777319188935,0.3064644317592717,0.2944346839062293,0.07939908343410669,0.09689399057316003,0.03449301989184355,0.07146010218828962,0.5129258851629931,0.09588538487743825,0.19895259541528504,NumStroop,NumStroop.csv
105,0.07125428968445514,0.08815825242538802,0.035591929825675335,0.047922827889954306,0.35863837789432224,0.15951650541494644,0.056439406911605206,0.32955071346005416,0.1401311672063626,0.2610242180865471,0.2883428350971405,0.27234962214486125,0.0233238088615515,0.12395371305463986,0.16140137089180345,0.11246957614847486,0.13806711202871824,0.22011587742431318,0.08540959903937004,0.022320295734608458,0.0295162508434446,0.025767082856173375,0.36540261824670844,0.052462731080634636,0.1243705892695026,NumStroop,NumStroop.csv
106,0.03450831731249883,0.21823438579730833,0.39531531358048433,0.06001556682287944,0.2716892771511915,0.3365066455725353,0.1291742929113099,0.08474102932016442,0.11062363263265437,0.15696036916725895,0.4547490185470394,0.1098824667670272,0.05211346063338082,0.07831164043220692,0.31538168847204945,0.15517505641227342,0.2922210712062683,0.1124271160914343,0.07484492700671815,0.24752680373735644,0.36602788795856295,0.0673001928115442,0.3038472103225378,0.25832915133809875,0.30509938070787557,NumStroop,NumStroop.csv
107,0.09046173949736928,0.09431529877986605,0.0912245215199958,0.07659851611918901,0.27999239307069274,0.12327965351579902,0.40061940275928376,0.04770871508473436,0.3352812744724304,0.04033462668588028,0.11862798904814588,0.1466854338892628,0.26464438891602104,0.191892596979038,0.33950480907008945,0.10449054112073439,0.10197097531035136,0.3543346580131027,0.06086947345135567,0.030881451328981572,0.029546398564661625,0.045975328963300116,0.44376873555545987,0.045215024785101234,0.11071392155945768,NumStroop,NumStroop.csv
108,0.017289612632827148,0.09816468764266405,0.24660710639529124,0.10402902649051789,0.4281401476479203,0.1010330384825647,0.04083032221567946,0.2169564453002131,0.19264711466911663,0.1820187781543152,0.33399114626617976,0.23765746901442839,0.04589866097724899,0.17764945234742496,0.24413118739027007,0.08346751655478257,0.20325753655090784,0.37756553399169396,0.05534867075553135,0.036514109964306755,0.04758093595177907,0.05281125861601531,0.4813383744433111,0.04734403074517992,0.12150506165104859,NumStroop,NumStroop.csv
109,0.10565238456905389,0.19731558280213815,0.5213965137275773,0.10592590241456722,0.2621019098590603,0.20003119159982952,0.2874408743416982,0.18873291050725471,0.38727200200043665,0.09421255930595199,0.16959342073926714,0.31521123321928546,0.12162326064797925,0.10771599496548968,0.1429267159500465,0.03633815584628529,0.13775950207180554,0.34849328987284,0.07513095688170737,0.08764600883036668,0.1676403458490871,0.05841860199216506,0.34850932684015373,0.10364017003533114,0.1967502310932921,NumStroop,NumStroop.csv
110,0.029014563455078263,0.06686409746605793,0.15779343605779034,0.042585128589151686,0.3924975247837656,0.13118303235392062,0.07649863931518093,0.5148056242641448,0.3051544016407761,0.14407510893332975,0.33563161419161486,0.6442099690737353,0.027217478959969812,0.2339416088246929,0.11685168791930631,0.0640839261359278,0.23777643441463736,0.5736858013703515,0.013437418696109597,0.010282026428946368,0.026921730071777658,0.019927050601147113,0.42712572214821537,0.03041615283093356,0.18598717638950324,NumStroop,NumStroop.csv
111,0.15783542244080884,0.05613371162477843,0.45989780291822174,0.09989565288450795,0.39825572493741146,0.05982930553928266,0.13857165845657926,0.20599618893300903,0.7998738664955467,0.25332770625705425,0.36728857278215793,0.1744899916730529,0.04878829088424185,0.10673658557445398,0.3410800621497677,0.11088483287614515,0.2326674130376341,0.19213276192276213,0.10119532566499245,0.03860345645290326,0.04998059616492408,0.04906530587565128,0.42856440209931274,0.05331824405036762,0.08840171687146496,NumStroop,NumStroop.csv
112,0.03687738823588904,0.09026846287672681,0.2505145185840894,0.13065552895740293,0.2891980556636394,0.07673263204217041,0.2497590510136824,0.2842586049501318,0.04326311741041175,0.19938799535109572,0.353809260018182,0.2893290764836669,0.04866398564944584,0.09304239446750008,0.09804684175596216,0.13239261804046196,0.16845385526569062,0.14897065945977522,0.016799080937310945,0.03184178985944934,0.033014791743535506,0.06376323074926873,0.3106836961472634,0.03494738172289937,0.08540932114962506,NumStroop,NumStroop.csv
113,0.033204513935490995,0.1343963147951319,0.0628804480874199,0.0699133307883835,0.35173659101462557,0.18710633349989947,0.11419808891216855,0.20074700733714904,0.47579690871536245,0.24744822748112097,0.4611380988444189,0.17342518713669966,0.0282727689196053,0.185755742714547,0.27977988325124237,0.10654476049135714,0.371087732797712,0.3388884345465898,0.040227545768681726,0.045184072785817125,0.012356584919240216,0.04024180383596995,0.39019352485174735,0.07360993723448539,0.15006682079316352,NumStroop,NumStroop.csv
114,0.03158282041935842,0.07675373987689631,0.17661555227922207,0.10638896096942167,0.34419248875988206,0.07757972000548045,0.19402424850039196,0.31698720121299195,0.41646358784549825,0.19211578747992283,0.3619658125515764,0.3307573230322085,0.03908741438861105,0.22290110501308447,0.13463446080438876,0.10202337675551507,0.18109385891806168,0.4169729428236501,0.016222044407446873,0.07771317787065976,0.0544158553795486,0.043599131269941,0.30488490638005733,0.11793539586909059,0.19232602886746852,NumStroop,NumStroop.csv
115,0.009680436461813682,0.04686692354339895,0.07950200324487365,0.1301273747483406,0.3380983077662192,0.03966888530002443,0.20877572296191788,0.15891816204068374,0.06284788440384717,0.17896610604336097,0.551913067146134,0.17839559641248567,0.021091056263393696,0.05251389735348812,0.09463943341546442,0.12465361220973903,0.2666570514208261,0.08992420838342283,0.007211384316860833,0.00996250531634997,0.009446839173383462,0.06573196279404213,0.36248272233091894,0.010690604303630835,0.03642036367111957,NumStroop,NumStroop.csv
116,0.01718989406775383,0.06335702706188882,0.29275410042037137,0.14693201955039126,0.4076042720966081,0.04828877598336938,0.11934787336880494,0.19159799330646493,0.3520027361962851,0.2906921166000337,0.6144962422873513,0.14401033458355955,0.028591981258340886,0.05723834390908202,0.2712611156835371,0.12907113946190682,0.2980485657590631,0.09519707016668451,0.0429760683000891,0.027810665409709067,0.05158985318165798,0.06141287848323608,0.4428298860806759,0.03159756265075896,0.05246395570569223,NumStroop,NumStroop.csv
117,0.03231664252088873,0.08076593102451597,0.14590540698397014,0.07717875776164117,0.3520726198991046,0.1051726415999269,0.05614908871963148,0.110602911000559,0.2547776899944643,0.2898594433202617,0.2707304585357742,0.0823518942819449,0.04077534376588794,0.0991690221863667,0.24788725125660432,0.17415042323172814,0.1935654745418272,0.12956220290375658,0.007178752364466981,0.02357389347106029,0.013608923023812398,0.040796927001924915,0.3647193034466464,0.03837664286066531,0.06699168624319246,NumStroop,NumStroop.csv
118,0.02733726773481926,0.060473809185006534,0.062035088445554123,0.059086510875222806,0.5943916584433335,0.09612008737966293,0.10994768054204387,0.47061569328730724,0.2779688242364242,0.22480608120645226,0.28168661658558375,0.435764624116855,0.016092121151395036,0.2700431371293062,0.17778524999780396,0.1472218992051876,0.33851101466748146,0.39249419820028186,0.006155731693373563,0.026164808611588514,0.011410361042907387,0.030079000669686554,0.6944605731021932,0.05437703657037565,0.1522852801264582,NumStroop,NumStroop.csv
119,0.03384648520024758,0.05013656487100995,0.15369930921596503,0.09368506281124764,0.5924872753861833,0.05639261986408871,0.0774920200705439,0.059567616353617694,0.1434160597540499,0.1100500168524611,0.47867410088100815,0.10510098332828177,0.006465999895569194,0.01842555808995413,0.2749734893862362,0.1720471366117589,0.33126656612174527,0.027206929474833344,0.019798705961897162,0.025995277180242804,0.03372796424298585,0.060050128356247415,0.6828818254121414,0.03015302104077773,0.04033125476642326,NumStroop,NumStroop.csv
120,0.017099050645047312,0.1239543161207966,0.23793408542698546,0.08603803784961393,0.6550708879638135,0.14804784780734107,0.032012011113287366,0.03923527189076974,0.5387726762616376,0.09924016561484258,0.44857888927794554,0.08184222291852015,0.02624743210934115,0.06062310725588635,0.5880120528047375,0.06769218877144417,0.5202519469100028,0.15069186065890164,0.020444068330631636,0.07707236118711136,0.03474194138961415,0.037728085202648254,0.6344807839731775,0.13165937600537705,0.1578732974792985,NumStroop,NumStroop.csv
121,0.035575284234486054,0.05068596451875121,0.10367696384469187,0.0446786576481949,0.6978094090917295,0.09752703336548531,0.10858485255752762,0.15461724993065845,0.17815403755373238,0.0,0.26495632020798326,0.5400630268551558,0.028148840779569285,0.10640596283411911,0.21152422323588713,0.01133704017991842,0.2951659785442431,0.468995786306303,0.011907276178852453,0.01868928579472377,0.01302695189209826,0.034703760520972696,0.7202782349712367,0.035009415169493276,0.15774966080587244,NumStroop,NumStroop.csv
122,0.008694622403592598,0.07322799905846564,0.14085212552120768,0.14561265770628393,0.44517145674304825,0.05642895675974124,0.05290717003514647,0.06085993745679602,0.17110880920058896,0.10392801157853254,0.17534270601233032,0.1110333459346935,0.009026430942586334,0.07010410088085364,0.208685243259261,0.17335952158560575,0.12759144876532325,0.09294578403667812,0.0023573863066876028,0.010118975693152961,0.013806396886677771,0.07646023949292065,0.5343094799331611,0.009320976681664948,0.031022044248007648,NumStroop,NumStroop.csv
123,0.07569419955562975,0.12567756827587875,0.24889281129305305,0.11872582621304191,0.45872186524465464,0.11606065641001725,0.1084562493743874,0.10248180379023425,0.4465371412835797,0.15257339328465916,0.4674095431785996,0.1333022823269651,0.018244609108271154,0.20384715457393077,0.2850331622037351,0.1291245395246702,0.16612177099022463,0.326282224056298,0.11622501668692066,0.021636540810807656,0.10091750102896183,0.08805100005753883,0.5934638510944533,0.01750482452870664,0.0807241515511504,NumStroop,NumStroop.csv
124,0.016104582347564587,0.032771143654900886,0.10016325249743166,0.0991140395838279,0.4468742481775272,0.035296473196009585,0.08455802555483019,0.008557918863811409,0.0664775221672949,0.15166822253512044,0.11592089409334559,0.022284487652595122,0.045782289810388246,0.019100223812904944,0.11080394706797675,0.10368494609125742,0.13372423276706896,0.04092898147833707,0.010617495319848813,0.0018119874036674765,0.015340506164039234,0.048952984645147066,0.4906175553986279,0.0030049714325806305,0.004230279918865491,NumStroop,NumStroop.csv
125,0.015259697327954094,0.039527682760570115,0.10393594348571686,0.17989834248085157,0.5778268736153227,0.02432549365611093,0.1968314356885239,0.06576013122094575,0.252357362577751,0.29810231640282603,0.16476300276195344,0.04641984655256945,0.05569605304379428,0.05399084882733038,0.2275113376646248,0.17885599923896806,0.0845842226556739,0.07066279293655696,0.007248079736308464,0.007330308274269417,0.0111210823267825,0.07276284771762388,0.6687572170926158,0.007088396353137586,0.011731824661369294,NumStroop,NumStroop.csv
126,0.0236440852201864,0.09098020304114122,0.1537435522066007,0.08995312736122359,0.4953184668127715,0.10519581723074849,0.13721216876242026,0.2749081025314004,0.17613503950906487,0.19923218541984825,0.18544422413357137,0.2801574363554341,0.0329180019453585,0.14689766149407874,0.10538602788256232,0.10038089670087724,0.17935472906615024,0.2797941087326461,0.005627034650384623,0.01614793494457149,0.021424501291693814,0.045575259042834215,0.6298857529872911,0.02412702189984803,0.09647762015689532,NumStroop,NumStroop.csv
127,0.01215134782155282,0.09098281405269341,0.08341748962803514,0.11731921901511864,0.5441249820433768,0.08477581980764402,0.15329289366654852,0.052068350064440994,0.25357703451761354,0.34260071411429216,0.3224610977200292,0.029627559238792886,0.032527195892393904,0.05907476622982662,0.17776274210911794,0.21516951580450777,0.18723283671708463,0.06645361977875637,0.008681024384454089,0.01749537246463757,0.006104151731820018,0.04769155906132319,0.6634497912376336,0.025068825535729634,0.037516648707795,NumStroop,NumStroop.csv
1,0.0408600873882628,0.11363510458340403,0.0704863824573482,0.014360291314030594,0.24946677451930044,0.36299689785742373,0.09010574477106244,0.3277894696503434,0.37442683700688945,0.16808931424905924,0.6262493632671651,0.3751427831302986,0.017637249181081636,0.3177982370621827,0.2335869780772018,0.07754028942835028,0.3612706576233761,0.699007174985622,0.0011488252969496723,0.023326864484877034,0.019270530395447138,0.018524644406781133,0.1647160423081095,0.06921950438731383,0.25080217243738334,Stroop,Stroop.csv
2,0.05517101072891295,0.2111054563712482,0.08558316354132599,0.028207461433394306,0.1936841323060774,0.50619068044426,0.0055123462732520395,0.4373304481205307,0.16989841356127017,0.17391913521190686,0.5356589830057118,0.4860577517406498,0.010715970877691576,0.3274946574322613,0.08958843933109024,0.06592583622992045,0.3562761619611032,0.7876749217119632,0.06061499500375697,0.11813895738815094,0.03699499707709193,0.020098006090467156,0.19415716620210194,0.3216241598447008,0.5199214917029612,Stroop,Stroop.csv
3,0.05924520908796693,0.11477617320494257,0.11509194367692113,0.05409743779512538,0.33727819401896325,0.19105575624211152,0.09017517696194785,0.15360919668167292,0.04714530363043312,0.15892888447270523,0.6348952047094074,0.18835144026650263,0.04140593127210519,0.22563343491580015,0.07689992275511909,0.0534041992913423,0.534515891857893,0.6068081405554641,0.06289226736936415,0.06398336334575243,0.013818654486770554,0.030892257892289197,0.30690958504387744,0.1281945460859958,0.23029155690738973,Stroop,Stroop.csv
4,0.04733086668680614,0.0783294785510133,0.24160105599960122,0.02468737108902171,0.11421769433033994,0.20457079606576825,0.14605071623812374,0.4293763608415321,0.8840690057560228,0.29915070316009795,0.18845285431878323,0.31818870255877607,0.25764934956419483,0.4158619446114251,0.3498196833665481,0.9999999999999998,0.248456268687492,0.11498783195367132,0.33791637402371627,0.36573699731090387,0.046860479542020134,0.04684728570799576,0.13325377443182618,0.5204904248343698,0.5249532543107563,Stroop,Stroop.csv
5,0.13143385291458687,0.06829110237236274,0.20733380915598618,0.14381171862836062,0.136093663016928,0.053150524759209616,0.3962016354931409,0.11243646419269837,0.393373208194331,0.4632963523371596,0.46049210753517245,0.04909952119591747,0.17159973957118432,0.4552050639427106,0.20647929972146942,0.22097892527590146,0.2451393436310922,0.48405808444050014,0.2070990756767743,0.09579624374127325,0.046933204905525175,0.0479832306371753,0.11341983680399738,0.13404342619317147,0.1742390033337668,Stroop,Stroop.csv
6,0.05870493051952565,0.07981363655510659,0.22763913453978155,0.1553459175996159,0.37051923712285817,0.058111000880704825,0.22161524355790987,0.27063269353099495,0.43170789993380904,0.3142945274992769,0.47403575613702165,0.19109845830133687,0.03405331022670762,0.18286085860718487,0.15262477076182338,0.1744975243949671,0.21490231859165354,0.23557717619056356,0.06576222263225817,0.0608552696073484,0.10353538113098223,0.027327963395525835,0.11551352499857685,0.13391127185841528,0.1635626313021855,Stroop,Stroop.csv
7,0.12677081277196325,0.33393795034455426,0.24709130127516318,0.13161892875203154,0.23170563382611647,0.28390817006388946,0.196692212882732,0.10235249688555026,0.3333615221720314,0.19812790148582662,0.35901779301827424,0.10834348879883518,0.07588432634180446,0.10874957263767639,0.3516499353661207,0.13599460515288092,0.27172786287874173,0.17004895450104088,0.09409421348306164,0.2502849407727123,0.099714337991145,0.04397612660699661,0.14279879710892818,0.37555075264040133,0.3998277793154516,Stroop,Stroop.csv
8,0.1321294909666309,0.1565467382431098,0.1669530586777338,0.04318450421182554,0.3114880011430446,0.29889057014164017,0.13346713809928387,0.43221439353670155,0.21143361249337975,0.12355279634723931,0.5248742707933096,0.5957425103508385,0.22620706868998672,0.38446185581832176,0.1203900204148051,0.17574142560172654,0.3501152036058623,0.4888001395565684,0.08446692945379124,0.04796102025037349,0.0344836397503423,0.03142775524404104,0.2415454039529265,0.09516781862393014,0.2613979540936989,Stroop,Stroop.csv
9,0.09257849379493939,0.4318612047471689,0.17797850828399972,0.054507300212858115,0.28522155814052785,0.7069940050218787,0.09415396727146863,0.3017773217092753,0.41682917712604134,0.14878480663510724,0.5281558828728128,0.37534343471938614,0.015594511677228523,0.1732470055381551,0.23686976557019684,0.14363979174117902,0.5304980676501795,0.25788250715449557,0.11875452826531836,0.3172767928188073,0.05465723182495339,0.025693654109030777,0.1553606784586125,0.7231209013162119,0.8291056402644216,Stroop,Stroop.csv
10,0.008083736845896418,0.07901795726145422,0.13951771285200493,0.03313461129595928,0.3267664630189635,0.17805784890503945,0.036931452311718356,0.23060099334437803,0.07508815981315635,0.17173441204455916,0.25475789358874706,0.26278611043892186,0.005234122866263072,0.13545103918088033,0.05197292542752273,0.15999992326207443,0.22896365820593795,0.18722045846766405,0.006509298600798127,0.015196518469042958,0.014520662989394445,0.012253943161391723,0.2205993630770292,0.059650052398590545,0.12948258274753155,Stroop,Stroop.csv
11,0.010681582044793641,0.1070473040095887,0.14903075717277517,0.07361214808591868,0.2754461787151186,0.14389680341194727,0.29365100803927924,0.10182420719037608,0.11366303627488551,0.15703342590937117,0.4016058166613883,0.12971602293885087,0.062484592355350387,0.098503542248453,0.13017141986030956,0.13612339658257933,0.2524109040936332,0.15436452351840457,0.0036374634829888734,0.004402836888776675,0.007648128236143645,0.015174099331986431,0.20054398415746733,0.017492086584555942,0.06626912732102479,Stroop,Stroop.csv
12,0.015638584343711768,0.11780768172582272,0.20637757743009308,0.05563656617052376,0.2622758978289311,0.19241246600154588,0.13332217826484133,0.06424735455976044,0.19944768505980923,0.17817460426279288,0.19613159504108235,0.07725897950015048,0.05011653636963191,0.09248742681804459,0.15374600689972895,0.08575704186765787,0.08476962365806827,0.19684710378567494,0.005542240567169067,0.01293425173675547,0.01606280420176268,0.00898164051326093,0.17453213637480713,0.060643005616076995,0.11194834302547944,Stroop,Stroop.csv
13,0.003025254984700622,0.1005641176797214,0.3549329137510116,0.0956307348792284,0.2928730997576857,0.1107350490448991,0.07238241036774648,0.07499977155616229,0.5024307071809435,0.39124985984152094,0.43710673844011627,0.03777871687316775,0.015912085463084855,0.11079268571392968,0.5244312695593947,0.2702736630914723,0.19506025583180847,0.10140707663758942,0.011286447171932204,0.0247112307623957,0.021408831102606732,0.021409266234995172,0.13477230552419822,0.06622685700152546,0.08313963750545808,Stroop,Stroop.csv
14,0.15801782360641387,0.38751545340779003,0.16846392534211918,0.06265231422829298,0.30011068094207394,0.5784761744650885,0.027339786014618905,0.34360610286227355,0.20625193662286176,0.113094218821743,0.3030381276613289,0.5020999196509449,0.008170731107154394,0.2908589706877376,0.10259875629405832,0.0598834926086983,0.1954723090573971,0.7364829133126307,0.1964581759875432,0.15861755012470047,0.0565843241344459,0.024154703423135807,0.11867208323530538,0.37901783647853615,0.5802653004070009,Stroop,Stroop.csv
15,0.5167681797202766,0.13519653511594204,0.17279127868448396,0.09668529640541308,0.2610723983926803,0.14742882649518113,0.1374546660197749,0.2494589895136052,0.09768318772747006,0.19711229699643476,0.10291734533160098,0.2567720574840917,0.04593582094259796,0.22420998905070547,0.055918908661406655,0.07509834273879831,0.04960536566667394,0.5045467746261194,1.0,0.2487905453569604,0.13577740339722724,0.029134341932460523,0.16677831682666955,0.5168988182727184,0.5474433688193736,Stroop,Stroop.csv
16,0.016525722423383866,0.04181126209613038,0.02775335314537678,0.0831204831281133,0.3031450869548351,0.05196409883142995,0.09780616233068713,0.27269870702513965,0.22383477535257296,0.07595596665491053,0.4924752164211381,0.49408647384406623,0.030387473745071395,0.0788300290939056,0.04314059107241372,0.027725591112025674,0.20350975587005082,0.2844020078309127,0.037103982907489994,0.016832345387573944,0.03155446826032469,0.02414664641894732,0.14365649462767888,0.04200395573591511,0.12676346544124262,Stroop,Stroop.csv
17,0.07602842810483297,0.058983571937531586,0.12096286863061481,0.11260219732435632,0.39364677683260774,0.05682892924143381,0.18280041273890543,0.4150641640601611,0.05036311890774137,0.17409711810018555,0.40663743694526855,0.46143872011494,0.026953362938980385,0.09832847818217899,0.008860087659884955,0.033513223951131724,0.19955118621822643,0.32907758432397566,0.0779087938350905,0.02036157084763122,0.019625381339230853,0.022228374185940408,0.17815086621412135,0.053520176007866425,0.13881979147937973,Stroop,Stroop.csv
18,0.052787661148296486,0.0617351443612088,0.15663671433888834,0.038807976666678526,0.13313484153469046,0.12837727497212809,0.08897364935407326,0.12610037640803304,0.2524623765683293,0.11589072166716186,0.5213204639170937,0.19369095589433843,0.023567743401119126,0.05698896066769768,0.13941977495547395,0.0,0.21370722150540805,0.3101528227617059,0.03884724740992044,0.0069308725473777345,0.06663065507042734,0.012157423446337964,0.03706814420899972,0.029442174564350818,0.0989989941553666,Stroop,Stroop.csv
19,0.020030920764853792,0.05506334895014515,0.1491822088296976,0.08770063210344298,0.3311295947179264,0.06526654304919247,0.04918248616416094,0.13684537813740047,0.15279071798503077,0.08103182427696787,0.40267660069297406,0.25453763630640114,0.0028058776517570537,0.08942457994906065,0.16452388365918838,0.07408821006266272,0.19873990698397803,0.20757790570997653,0.005438646748914801,0.009980154849283848,0.011988684676864116,0.01523958397510072,0.13829508964929993,0.03545666848560398,0.08595281086042059,Stroop,Stroop.csv
20,0.08825726954275848,0.12574017749572355,0.05063000207002285,0.11381069397361458,0.1878618898617157,0.12024954166985409,0.06786905666992324,0.18433876788033654,0.15442281200023744,0.16014129952658782,0.3179343726114085,0.2226552188273018,0.01838183058322022,0.19507045711012322,0.10017161420047349,0.08698757964532522,0.15460443582412303,0.40378671282597295,0.19416478456816863,0.1925894792113868,0.03832301016474739,0.0335588476019297,0.14316657949324846,0.35927879784148903,0.39181701265952457,Stroop,Stroop.csv
21,0.002038323723764865,0.05287861910555066,0.0823611127099999,0.033451578043731306,0.2340193903655991,0.1203879705457835,0.052186652882439455,0.0773514794457782,0.16108838275894816,0.13939027041820198,0.40958734854046686,0.11085981746718757,0.013147469632296105,0.04044690420462368,0.18297105676940967,0.05093521163468959,0.15497181724973302,0.11960250042306923,0.0012953012502280668,0.0034868004020131484,0.006773601891110571,0.0006652972919301316,0.1017218283842035,0.03711891122383608,0.07152043709728136,Stroop,Stroop.csv
22,0.005697885132716432,0.07780423163272712,0.027300153178043192,0.04587750662274591,0.4073750897571351,0.1451466255508322,0.04978492278988089,0.15877330235997394,0.38648190460759074,0.2573428881651302,0.2930075861544069,0.13273540738821593,0.022533798505913142,0.09989315850591635,0.31110315669796207,0.15030421912970193,0.2708509556535701,0.14567446421516536,0.0012210285887848781,0.007531513510861067,0.007602287793179346,0.012741216627855392,0.2677804291524361,0.030791615151838057,0.07719070600526967,Stroop,Stroop.csv
23,0.011482494258605,0.02161977236643566,0.258286647305413,0.03754213103554982,0.2271900264879761,0.049047588610591324,0.15491676884862338,0.3015581175849562,0.12251238627767617,0.22059775212704322,0.262024318876983,0.28434405518305295,0.028591800977708255,0.15774706607608813,0.13591900352266603,0.13080722276964557,0.17693419104202146,0.25133196708690975,0.004869559534847506,0.011339035431328519,0.023154839530517866,0.0014655550930527082,0.1269526218288886,0.09124872897695722,0.138562765018236,Stroop,Stroop.csv
24,0.010454714452732859,0.15724125741172074,0.19249507740573832,0.0403578968569511,0.15562548662269493,0.31245293060848817,0.14790700548150415,0.2818297827065679,0.19330172702138188,0.18060489160160917,0.5353644215878459,0.3081074067649564,0.018145558493772702,0.33500663353966054,0.14734251259578385,0.1062886865596338,0.29541341953490025,0.6073511564578897,0.0014376373896915786,0.007363815129106634,0.025456936976315694,0.018777066429988006,0.05198351604610281,0.023457100438000058,0.18218789864674328,Stroop,Stroop.csv
25,0.042934558170655626,0.10843329843115179,0.12284616981794855,0.05778028063632634,0.2209505810967578,0.1728851679894593,0.36851186103469136,0.4628093829768305,0.12449875821897317,0.3677070992627892,0.27829648395620993,0.288569359086398,0.10539187409515714,0.3594992748462499,0.18843780961098763,0.24528492490374426,0.20965413963354068,0.35197253356116087,0.0036963055613591315,0.013542335810445486,0.00999145313333505,0.02099665742069604,0.14583658999891275,0.03785128180636091,0.13217362528319743,Stroop,Stroop.csv
26,0.1975877910407975,0.10609108861640519,0.09434194350852135,0.04031167476930389,0.17760301924710686,0.21243937673780144,0.04832500732084113,0.30956839553067883,0.0748085229227087,0.20055074810730664,0.4136948146056506,0.31325866365560817,0.010771718058729313,0.24573115947674423,0.10828109363799607,0.16358514380711833,0.2166640933712342,0.3309951699098164,0.19210960906246347,0.07068552863063325,0.04783482890656616,0.01257288815944229,0.0767873378291216,0.2595495548104954,0.3295734255305788,Stroop,Stroop.csv
27,0.0413497145566287,0.0846459568096683,0.06607856114695082,0.07260662598296239,0.325229577950234,0.11527983670938022,0.20860023280044213,0.5303267122225216,0.21416151729899366,0.220467371822449,0.7025874139727134,0.4977380534588748,0.04104341967344385,0.3864292394655344,0.30752351796799815,0.17831189380312173,0.4458307783673822,0.48591947432824667,0.010656729018306445,0.005548815087560035,0.00444685185462569,0.022669670222414662,0.13877417804511205,0.015938207536354373,0.1421990985471167,Stroop,Stroop.csv
28,0.009495517239015032,0.05708465019543482,0.2553199267138434,0.07274133687755953,0.20129463101643613,0.0781699293307853,0.07722163281409086,0.19444901164024495,0.2802633322384907,0.10225892783386328,0.29053772295658115,0.30991858209407186,0.011596408254657565,0.12150221946012536,0.25307404406382444,0.10389208322957905,0.21318601684545707,0.2274204153447729,0.0033334626522261226,0.006063794763415712,0.016691654575678713,0.015510911730324844,0.15273185314992593,0.022544715856034635,0.08682704520720429,Stroop,Stroop.csv
29,0.002607791836608052,0.0729947001684835,0.11836374247429698,0.036124824862576566,0.14137010586993015,0.1572394988892542,0.11046115113220727,0.15221572734273417,0.30783821311355414,0.17122047211517336,0.14567573510123916,0.17694352833154506,0.01915339499759896,0.0991715512412115,0.2462398356607478,0.07874610188341663,0.1133252069975244,0.22145454450944638,0.0017606565019492543,0.005821228095981289,0.01369394200478441,0.006684173576581822,0.04733538587021331,0.034361465917898626,0.09704049165446292,Stroop,Stroop.csv
30,0.016966151573796093,0.06157052213898171,0.5701760158623,0.05501504382707546,0.29592781262792855,0.10272826166432689,0.1218250538182253,0.02118260504250228,0.25519230642225266,0.04758020418035988,0.26542948029267516,0.08409526369454692,0.0492032030556891,0.050128347908891355,0.1383068944247776,0.03266142624079006,0.14173256796545802,0.17557803913318787,0.04761026544020603,0.06181697564218476,0.10430295807245893,0.021198802852293544,0.10980067807305156,0.1633536371699002,0.17818172999614545,Stroop,Stroop.csv
31,0.0201395346728379,0.09021294528690398,0.0709397024120192,0.03317497652762377,0.1751337851564691,0.2023551906496641,0.06796694084867645,0.3954140338444473,0.2775081209688779,0.22242459781488735,0.25128023334277944,0.3695277027124906,0.025575900011275916,0.15964918074435755,0.17226112537665747,0.09838632354982052,0.13106466583895654,0.30743339363122274,0.0042168147257306,0.008047801026060956,0.005971628970395713,0.01024216043771592,0.07499367750483733,0.03694102898150727,0.1424368684433011,Stroop,Stroop.csv
32,0.012471795807053059,0.05988377085385304,0.3061710218193681,0.06892722615350294,0.16302348233787434,0.08526436656169507,0.3053431571665679,0.0728681265424935,0.19117371600361494,0.4274081383236259,0.2193401499292632,0.03201383285223755,0.05775090599415562,0.047078059302724976,0.1355430668678061,0.17054925820090486,0.14614129444350005,0.06439048355901615,0.0125998462049448,0.0009471989243469471,0.011329376082861322,0.021340754944220094,0.0862302599190954,0.004752971673861264,0.020417501570618148,Stroop,Stroop.csv
33,0.21210396207140592,0.23548223036518373,0.30104252540198095,0.09517142378153261,0.17134171980795582,0.25962697798191486,0.06324471732345702,0.031002845371653612,0.36271575589999294,0.14297387611132814,0.5864601691960339,0.05174132956754922,0.03493759784340884,0.07406228423260158,0.20278847497633756,0.0416455902737769,0.33985313935138495,0.23034211133588325,0.2735025310354882,0.20707062692563288,0.20575872160080697,0.08727416646755397,0.09138655998049623,0.17125519251032445,0.22119610298766934,Stroop,Stroop.csv
34,0.012567370155435008,0.058136487395793905,0.154959198057476,0.04989062698676769,0.38339197620224846,0.10370140142047203,0.007997974941331705,0.2693395852237537,0.6330718799315104,0.31002098608921425,0.24668711295424917,0.1924529123308048,0.009413518998156975,0.14407521878592586,0.28507242220290074,0.09744265161873719,0.1840743313468119,0.27976472742359965,0.012765884740138306,0.006419836812718491,0.01745695672627972,0.006917568243761579,0.22820904322059182,0.036762698617642926,0.0962012887314749,Stroop,Stroop.csv
35,0.042936743328746085,0.059154886828023175,0.05578479460617741,0.0713713956542041,0.148283947109897,0.08210362714993935,0.0585475122715963,0.3336164535711418,0.11287634074724633,0.27809157755163627,0.3019721956865158,0.2619358875066149,0.00904093529273344,0.15395891795346744,0.07766181069805604,0.14238221485485458,0.10558711924312646,0.23111747581800615,0.050053165468397665,0.004232394298962482,0.021324941005382427,0.023367612124563727,0.06508057754804834,0.012365941147789326,0.07361714937071039,Stroop,Stroop.csv
36,0.07008318569196598,0.05150585958282414,0.07710810654572342,0.058025366040411,0.2508571763660872,0.08330171159358592,0.08515455386662743,0.2608401736325864,0.18164889957173927,0.4098399659863097,0.40288459090401396,0.1441088711583191,0.02814760528042852,0.17952993369852002,0.13002532292827743,0.2066857118710988,0.2786779467494709,0.2029527340268469,0.046924771180258146,0.010970299273752435,0.020730581019645304,0.013053183339648212,0.15093302164775652,0.042526419270697294,0.08186187953137743,Stroop,Stroop.csv
37,0.019250902710031225,0.0229178054627742,0.05478391457512119,0.08754606624515708,0.22904918147239267,0.02768932258574199,0.18631622549053548,0.09769455391266338,0.06969980471881418,0.2485593092089862,0.42746791734309186,0.08447765988064657,0.02138026191459955,0.062165967890542115,0.04043309075830434,0.08212733114951976,0.18032993538315184,0.13819742920079556,0.0030298557819533794,0.00023555858208863627,0.0022738855419387216,0.017794340660689564,0.09870455937307775,0.0034738422278743743,0.021886280192331915,Stroop,Stroop.csv
38,0.2253393766078503,0.13820096493050577,0.05072272388703586,0.041672092112132644,0.5254665888977438,0.2700362659861142,0.41437019714065654,0.22554342442081451,0.22507917216820886,0.26805769671605395,0.3339566029803238,0.1821973677320799,0.09069597288952023,0.088896375237511,0.18078492798621598,0.12283031130376576,0.3346565671023855,0.15020025755297609,0.16239750499893432,0.11172441313798297,0.04605686238886655,0.022360449333136304,0.18067892704830613,0.2826530455001257,0.32461615449448805,Stroop,Stroop.csv
39,0.04376796495159754,0.033918716064470326,0.08095890833088332,0.06504948265268264,0.30982298850585205,0.05130629340571607,0.1113639161430761,0.19745936489433474,0.19618000071004904,0.21833560250487014,0.4130314086961999,0.18887886913948154,0.01622673894475131,0.11361821352720786,0.17124240937500088,0.12953608299042502,0.23525359787459132,0.18363746937253195,0.009864376365408208,0.0005449235631310655,0.008675663696755494,0.019164058548618478,0.1614278123751341,0.004101517868862613,0.04552373847828428,Stroop,Stroop.csv
40,0.010297832490280077,0.07895776505192105,0.09940994259499573,0.073970098680493,0.3486829932125924,0.10616946167688193,0.17341038593668875,0.08392602881660605,0.06052874628642593,0.1325747606341454,0.12532355179111332,0.1234223032058131,0.04106564158256831,0.09240387805218273,0.052505966309958116,0.16832476000179877,0.1340279274530743,0.12413533560372772,0.0116156717386685,0.003018552204179752,0.0021293621359784382,0.0043191335994722455,0.22605181484887915,0.02429472381554286,0.05961702148098147,Stroop,Stroop.csv
41,0.20599178833111434,0.426797321628027,0.27217954781438025,0.06872706148016419,0.24408681185213638,0.5973901294324246,0.10073822275470462,0.15797282777683025,0.11858891905449377,0.3014944129465179,0.3496859142806782,0.11435108551063186,0.03175131915150835,0.21292363587982718,0.19222301616333998,0.21456770275407538,0.33528699925431105,0.2331752045726702,0.2589412794228561,0.2260835206317602,0.09499673996948713,0.030502422477609346,0.15390940982645557,0.45378482922613483,0.5420240317386623,Stroop,Stroop.csv
42,0.04963021818507676,0.20521633187090146,0.404923098194178,0.06888220628301985,0.1566612609028616,0.28776518382739863,0.08332315605244786,0.17754978736563914,0.07788936396477138,0.23047338221140126,0.08499574352849264,0.16286823936395323,0.02657654135965454,0.0780092374089977,0.10409897243985405,0.0845592130320238,0.10008287429104658,0.16857255169617724,0.06171657474690325,0.10732124309169215,0.09309662946213074,0.03491446610348409,0.07507093962077586,0.19459697169256418,0.2534384396697792,Stroop,Stroop.csv
43,0.02877447228358694,0.0999978232556642,0.057539306556703196,0.036337027315215764,0.31304205348618724,0.21280175555925915,0.03547283865579057,0.0979922142082991,0.33002229922670007,0.408194539606371,0.4540299366405306,0.049060261473732006,0.016223451536723176,0.1058306017107922,0.2101727234958629,0.17552787077164567,0.3607033556108391,0.13720159278909586,0.045974151270893195,0.013452382660871927,0.014020979765387902,0.02362689839975637,0.17294235480378506,0.034522057112787295,0.08378501823639271,Stroop,Stroop.csv
44,0.0028300353723970826,0.052342590927095846,0.056105295926065696,0.07850784232228038,0.3029200696994191,0.06774366562064868,0.21742577686236353,0.29972048911106464,0.14470425923240354,0.1840221246740726,0.5887208185624762,0.32286745682854023,0.053975282939067774,0.22784467246794335,0.143349666299218,0.07226988666787318,0.360527985277381,0.5237578929757079,0.00083273024789875,0.0035527178722600736,0.010551857463291786,0.022264275843986474,0.14610177613897746,0.011133430697196951,0.11096358954298656,Stroop,Stroop.csv
45,0.014329545101042836,0.07809537325199967,0.042403300529873685,0.06003300550561408,0.3336822377165366,0.12202142076959115,0.05127344306897431,0.3648112477920882,0.08801113998851719,0.55673695121973,0.35693673485124433,0.15262823871943448,0.011140942392556157,0.28410855721779804,0.06064805145926891,0.26118964129809974,0.1499896662442025,0.2646180565938059,0.00508884560215231,0.0005547337857881721,0.00831837254511457,0.020790608220356013,0.17061422680956662,0.0038294140135044117,0.06557020591111525,Stroop,Stroop.csv
46,0.04267547559681387,0.1610109364623544,0.15707329102992643,0.07782620389129076,0.3971725113966549,0.2070252810619019,0.07302224262199615,0.5434708016402923,0.16550686968105363,0.21857033746283253,0.148773666125312,0.5132098742301842,0.02602054258919048,0.32649571137297667,0.1410807807907876,0.23271900438138998,0.22033675234904493,0.33377254090722996,0.024830299184125607,0.03603723594713868,0.0336837578803483,0.024402009462908814,0.20432434618663237,0.08699567953233396,0.20652522242222776,Stroop,Stroop.csv
47,0.038513008609635996,0.12988531653118607,0.10500985128931707,0.09452262553308034,0.39763937761728935,0.1441968532073216,0.14883010758816365,0.42938813629742967,0.4247582815035444,0.16298284414444006,0.37853013023569704,0.4985214162082894,0.04211199146910735,0.2811653892944843,0.2982706544712805,0.17750113067069762,0.18129621607541802,0.3557123934391243,0.0236262502235721,0.017990260110270235,0.009130117383622079,0.02265666697137023,0.2686482290739197,0.04689182827113027,0.15966682224603718,Stroop,Stroop.csv
48,0.008263216724021487,0.0823799393877128,0.0513126461173972,0.06954297355225342,0.0752589569349471,0.11583843981931884,0.10992248871140897,0.40863330738292436,0.2367299067455697,0.10200263370478363,0.2852191153095969,0.6277715205959165,0.02946975281980051,0.31961724860537677,0.18539392872678828,0.03730173745477282,0.0674449635185664,1.0000000000000002,0.003916523366622178,0.01349398998912221,0.015049658930623901,0.011146583484585578,0.03624422803899609,0.056327713771414066,0.25231541140728064,Stroop,Stroop.csv
49,0.03119742064853615,0.07299003390194173,0.13046765962506537,0.041760095810948084,0.27186228413756935,0.14450678128323158,0.3006872424313311,0.4030734768435613,0.24169187049803015,0.027697444341983957,0.2521043584482865,0.9999999999999999,0.06766421012551378,0.20389212507399745,0.16271166943183243,0.049755574448410805,0.13350683321743412,0.567929123170391,0.011756628470067677,0.010384169180823442,0.013571535549557886,0.0,0.20538671589601482,0.09741812901412367,0.2884351206054008,Stroop,Stroop.csv
50,0.007900417941094234,0.2357793433349661,0.1390190015711205,0.05504957810530718,0.26352914159359614,0.38485542157956765,0.052426725714454024,0.48107500081617427,0.2529818653509821,0.0591365274801815,0.23833380957938854,0.9423084705751096,0.040867922716336554,0.34219215416353527,0.2512780508892751,0.048941145546809936,0.15203634550479195,0.9533626384867641,0.008572905404107592,0.03325748547826372,0.024248678530247935,0.019793755215433327,0.12135916726894137,0.09327471943229607,0.3746457320412122,Stroop,Stroop.csv
51,0.13457095878668557,0.12930965332822952,0.13526881371342064,0.14171883891802825,0.33298958730854833,0.10279846321651065,0.1218915033501178,0.09565684317948767,0.24138613521731306,0.2211024894284879,0.5121560055671762,0.09228293314165423,0.05190296688059148,0.049978416842556724,0.2688892960413105,0.10149973518271838,0.24048752801855372,0.09861495705281319,0.09576506491805883,0.037118419370045924,0.038895777557025904,0.03674713759972831,0.0904616210249075,0.06530670867360427,0.08695840565017599,Stroop,Stroop.csv
52,0.019263847838855125,0.07826786146774826,0.0174986347456451,0.0725550242384492,0.2084296191077039,0.10677333266650275,0.09152925102021868,0.3129093274243593,0.1263606566330079,0.032781395558233783,0.4754727510035337,0.7564051766347927,0.014160133219600617,0.22525098029526697,0.09058497791024789,0.07158899540890645,0.3906610241200408,0.520616550259251,0.00395880087158672,0.003675010741161588,0.0006400950545203681,0.025379728461050837,0.11733451282282868,0.010291819212660952,0.17111224506768113,Stroop,Stroop.csv
53,0.020166388081173475,0.04542771304105685,0.04679329425957357,0.03327800170911631,0.204371582069876,0.10450874245146305,0.08318088381560935,0.250207735660508,0.16395061868076943,0.10442140686593124,0.7390204627785366,0.38796927905809864,0.006785873297620478,0.19473667858483037,0.2582228383571612,0.023079319743046264,0.3257989586769304,0.7217431306185171,0.0033312493394723223,0.013124442673664052,0.006633156552293781,0.006068073049248713,0.17843377540488065,0.07316303827385975,0.20256415547992396,Stroop,Stroop.csv
54,0.028033321198907387,0.04225351042440072,0.09250692222175466,0.020019884914164555,0.4091588127353248,0.12473363796033567,0.11609170160133572,0.08109907086958014,0.11688345934983733,0.11604574938034481,0.5209632765061986,0.13119635323158335,0.046398719027051255,0.05613362541586132,0.10138727991214601,0.09062125177393354,0.3282831142169949,0.11820775135201901,0.0032904547722714256,0.00348055871369329,0.005557263074365838,0.0036900305339890513,0.2512944553186835,0.02830240391930718,0.0672848593982513,Stroop,Stroop.csv
55,0.0256267568863688,0.19884500128812627,0.4934195971897127,0.03923948657277734,0.3381529216056856,0.40035825420010135,0.05989720883558336,0.053511319541660246,0.1272639522601558,0.12609309418008652,0.2827106293896746,0.08755372713450016,0.016605817419648033,0.04073454880717137,0.15865692427089417,0.08560906336346999,0.2569510028151126,0.09079136938299133,0.05126891946747394,0.09175935030351223,0.07581829754663262,0.005228366366285028,0.28192152657875336,0.5027982307817521,0.521280708533044,Stroop,Stroop.csv
56,0.1469332587679263,0.16907872501595955,0.11736026786200887,0.03195156447505551,0.3602142659604987,0.38183594624373157,0.1369970334445492,0.12507632757712284,0.462064505360503,0.17932302565307792,0.48002257676027893,0.1419156429079138,0.021318988956480236,0.13741045522618545,0.07758579008804106,0.07756721314500128,0.3051521268298672,0.3065596583724211,0.11986521284670629,0.07710249083831866,0.01050363458191425,0.012954448305572071,0.22027500149687768,0.27796086915475354,0.3580621525161133,Stroop,Stroop.csv
57,0.045719279488269954,0.03881745902700002,0.04002640518382641,0.05814028408675524,0.15898371823447394,0.06335604919844202,0.04889815123106938,0.22097796733850258,0.1671299405499639,0.20155704099907082,0.26642611110938147,0.2243282465435115,0.012104377851485217,0.07332232460449596,0.15408816651360313,0.09233265088138101,0.10187958925042208,0.15055377630299197,0.01708668946889545,0.008491093289456382,0.023852239821564567,0.018800387413732356,0.08171169565478069,0.02662127296118537,0.06771749184880974,Stroop,Stroop.csv
58,0.020428215884172672,0.052081989517870644,0.055538505101485794,0.08227455286716014,0.3209652810189916,0.06499214687708599,0.15522360146431352,0.18183786847747876,0.2992883254848237,0.33442212220785417,0.2604779382759184,0.11988625813785297,0.02406563808440413,0.08004887390275663,0.36669509288194685,0.22852766904047062,0.1584639879389692,0.08485013842199883,0.015032195874338752,0.011584875098485952,0.00905264711621706,0.02199528671700893,0.22606698985401097,0.03163787666783554,0.05196079848209584,Stroop,Stroop.csv
59,0.004317186318509167,0.049976211543179036,0.1340086746049402,0.0563270691825669,0.2881264515806372,0.08259302920370572,0.053568587909678576,0.11410614704269156,0.16326737788022352,0.21207522695696993,0.22465642961806842,0.11345493878994894,0.005278847997766055,0.10091582546988238,0.11308669872919966,0.158995734374909,0.1818974489401028,0.14114147980967126,0.0051526703927337976,0.01785840149078823,0.026823412679061763,0.021345559173666474,0.16373768351208418,0.04859852408893324,0.0759359980597077,Stroop,Stroop.csv
60,0.019841314133325596,0.056789491360889004,0.06221575292529875,0.051730070577118814,0.35483810114306463,0.09898992221967985,0.16064407706520367,0.13577638203694972,0.09837266719005718,0.3071387863698696,0.27304881086754146,0.09608891762962087,0.013136513569101534,0.06086085863683849,0.03366084716138394,0.14531598651043737,0.16983884454913434,0.09266636225340748,0.0023283742424922444,0.0011395445104760416,0.009152246295418734,0.026037103524760467,0.1476148886444174,0.00436641952475508,0.034148332450844754,Stroop,Stroop.csv
61,0.02863163668510285,0.15007431640214236,0.16619179170362805,0.041367045678468634,0.24506192604900456,0.29413127043434656,0.23238538623982313,0.32161300061693454,0.15365401112016025,0.2552030799607582,0.2987594125529124,0.2706230334512829,0.05293421511621695,0.17728908702649707,0.18467370479927284,0.1392122326908759,0.11686727984855595,0.2697646509452365,0.02604596670858039,0.05989037637043985,0.037741627380261725,0.01872224132751893,0.10326153047317642,0.17230573534368004,0.2607858066212802,Stroop,Stroop.csv
62,0.03050927876391289,0.07603778454741145,0.05791155108934057,0.04435509053446968,0.25410373920631824,0.14494351240536518,0.07080370645441375,0.2146942009094156,0.12178672565862493,0.33264420367367975,0.16331063195770695,0.14316538327031175,0.013784070639509956,0.18353061340810284,0.12690208137867037,0.2648450460416039,0.1763046970453523,0.1696483638621339,0.0016487346285021722,0.005679787628065774,0.013972153316722746,0.0144535570788215,0.1177563996315218,0.022319179775567778,0.07401248955858729,Stroop,Stroop.csv
63,0.0024175353180683696,0.0877148581904508,0.1597759740936711,0.061763267974434294,0.23044984093327747,0.1340714807988902,0.1146781562250476,0.34709861702109646,0.10645641070834673,0.18064586712857153,0.2635816593121112,0.37757220877166076,0.0345380509709261,0.24838728726143128,0.18934921241287522,0.14323863023587252,0.19407738620984022,0.36855385884631675,0.010226705601034555,0.021977272998704295,0.034457333818301544,0.021190851505454047,0.1446386015805507,0.05958289158968248,0.15502383988580354,Stroop,Stroop.csv
64,0.020061372267777565,0.07307429666146747,0.3183035023754527,0.025911593985214285,0.22153147632111608,0.18703573043829338,0.04313919319699269,0.10202415879753157,0.08743446838262751,0.143272887984748,0.3375190730141874,0.13895715536579314,0.011757417805184592,0.12189314642933292,0.12771017561807282,0.11841178328289695,0.2915978430955677,0.2091866474188978,0.01144525995224788,0.0078267460515409,0.03211212093510485,0.008750254796142259,0.11261252307677454,0.03909644236213329,0.10143882910380654,Stroop,Stroop.csv
65,0.020710933914491973,0.05076712437522352,0.08858266995135171,0.018077710060477082,0.11613887782382727,0.15436653239123144,0.19833438233074085,0.21737427982979832,0.15879365847862117,0.12847462954668912,0.30951299431280044,0.30090626659655206,0.056040200342347524,0.13196043028806098,0.17734030000185635,0.11428419970926523,0.1917629044679059,0.23148312254112757,0.010765325484255253,0.014037560855428333,0.008303827314321659,0.016128800437925448,0.0569338419608454,0.04683321153461822,0.12327918683569712,Stroop,Stroop.csv
66,0.08020095183073377,0.24151139092254398,0.14782910377509653,0.042305137580963076,0.25163714771515716,0.46447018845704685,0.13729317978333763,0.31268396631719586,0.12160816109456633,0.24851226396277112,0.5190759725733725,0.26873375936973487,0.04619949141682032,0.21805793703863363,0.11799255997111951,0.1585163672087827,0.3212395141038662,0.301081982328403,0.06926177796601285,0.15407856201024378,0.078802975827818,0.028199251065407622,0.21458259447040612,0.32867590626150917,0.43378219965668974,Stroop,Stroop.csv
67,0.029008317607845793,0.1116084610774976,0.09147602867222134,0.028111650602825503,0.2976618033909944,0.27113389209980593,0.09704391382999059,0.17056217998137718,0.0889968103549785,0.09995645992138125,0.7165380362193791,0.2780737436235441,0.04646581435021032,0.18675225811608856,0.09048249364089599,0.11198154152176157,0.363071953375145,0.3297181283625771,0.01054010615247484,0.011980716063283502,0.01193638185275199,0.011832039699409234,0.18579641717664203,0.04881489953994143,0.15882384426293034,Stroop,Stroop.csv
68,0.0318885348746346,0.07089454128590644,0.04400562004460055,0.04051018293174692,0.2238070752890985,0.1430588986831095,0.13813575939218029,0.2650659946620214,0.08469498077184451,0.28318267447658607,0.2509185761599519,0.20464953042739004,0.03731904736015965,0.21733312450218104,0.07077584917633539,0.196919397484089,0.13351418530066955,0.2545714142714155,0.005196616846322609,0.0069740495787165725,0.0019449181155719963,0.019576297661353815,0.1539997745778744,0.021702618875371997,0.09045813645410329,Stroop,Stroop.csv
69,0.06492434103183836,0.1213524729308928,0.017062256180204904,0.03542242385544386,0.20272496481830632,0.26081403691284283,0.39422598489165855,0.4518705626080113,0.11970255619883359,0.4480863210986231,0.23854056848787403,0.23600895355683763,0.08225391363830349,0.2834531003107507,0.09346082951866316,0.28408527921989607,0.1959292837042354,0.24619528906070723,0.040545647279754043,0.04209214024598105,0.008108645471979757,0.009296326322774742,0.09068516220417362,0.18340157076216215,0.256058045791422,Stroop,Stroop.csv
70,0.013245821749956987,0.06585460202794055,0.13004954326141585,0.09085333028124731,0.3493212676352969,0.07573973718024905,0.18903289143105773,0.5002619828532144,0.19635488348735938,0.19158525973793558,0.631921122082923,0.5192578564901394,0.027725104217085038,0.3269623485664858,0.16076885392368778,0.16626309179605944,0.47625477560418666,0.43388867025527034,0.009415804462060912,0.010333578737040813,0.020637700673132968,0.02521981941094024,0.17080166202793207,0.025689184788167663,0.13850916290748283,Stroop,Stroop.csv
71,0.023366888134946882,0.1572550595346042,0.06754669023798833,0.08000655942953265,0.26807887904459543,0.19812432050009535,0.09161764214712348,0.37465928468474063,0.0978635868477031,0.19141692589140266,0.35057531975221173,0.3907666424045412,0.02034524878090131,0.17575972519726135,0.03321208869075761,0.12872117247243897,0.2119917600472,0.2826189572559963,0.03290556880180394,0.06301018767063495,0.03657756714704415,0.03044153756529645,0.12361929061452519,0.12770379648905586,0.21830971219061435,Stroop,Stroop.csv
72,0.015592259478328464,0.11356520329183963,0.11389847218435734,0.019011359020702803,0.2970143307156247,0.3278846571361126,0.03523961579167539,0.6670036521939345,0.28568658230416416,0.14956483386370414,0.17837462236926654,0.8117201534490456,0.015697020931289007,0.37318153989900515,0.17345313143417834,0.10586995511912109,0.1595662637676869,0.6776123393256495,0.007012480540974126,0.021863340279902266,0.0247811460300467,0.006395303369697222,0.16438595242892035,0.11546559551739786,0.33318510965771925,Stroop,Stroop.csv
73,0.00622576396499732,0.03357508966290657,0.12617315786831973,0.08391707880129551,0.1144170671245162,0.04160863134686956,0.12695617853424818,0.2588820943689393,0.6257913225496397,0.2649646111905589,0.1433274164646241,0.21126774742628904,0.03526042873729301,0.1536298421786647,0.3747516438231485,0.15620471444991782,0.09093965775091188,0.21561414323989514,0.0065729237093807204,0.0013810793950069652,0.0192319602873951,0.02813384369393832,0.05096443042196529,0.004555895402168808,0.05026626184548175,Stroop,Stroop.csv
74,0.11498461237052698,0.21717441116149303,0.27089720544050927,0.0518984147337153,0.33456048036451985,0.36855535077390617,0.22291678144076457,0.05055630424400463,0.4579514157940587,0.11677269084854613,0.15837843132788287,0.08849357623473704,0.026311474110973974,0.07186324628010686,0.2979416294815437,0.15048894350039316,0.15354678342464712,0.10587976847553736,0.164584391007741,0.15467044521319576,0.058537875019127154,0.012139058203714963,0.20334974709069292,0.5747069327053211,0.5773618270186067,Stroop,Stroop.csv
75,0.02039043626403317,0.04079961539853942,0.05572614194747415,0.03927702894105907,0.3879984046700515,0.08584238517401659,0.3092375769336572,0.17819298487962193,0.06720549179695005,0.1640988265264485,0.43629031550410047,0.2119170249646143,0.08967955991698286,0.10679452282922239,0.05111456047977497,0.07144281567769847,0.28955643199681924,0.2514207212283566,0.007161617656571618,0.0027267635598271257,0.0037427797683171316,0.00764632413665068,0.2517020660848799,0.01796874546702659,0.07545450569917914,Stroop,Stroop.csv
76,0.006884858766376331,0.1259448815158803,0.1584779127610845,0.030860024179106774,0.1653683666824411,0.29112560689119,0.24368694908616256,0.22042415828571152,0.31676134590419847,0.19129168711124198,0.09340977599911,0.23270716471197853,0.06700219672032683,0.17932734843980533,0.24981462120759845,0.14908706451496356,0.11744533310924331,0.2597068154327392,5.2108040509794124e-05,0.015126337775825663,0.016498695872506575,0.009885125941122928,0.10853562898816767,0.06678933887664998,0.16472872637723368,Stroop,Stroop.csv
77,0.0001543112158843142,0.08814729966625216,0.034214945982451866,0.044520923847427785,0.11241790167314754,0.16699665651776502,0.019686406457742247,0.02359240316006357,0.1969382320588292,0.2198844893954872,0.2556607997831515,0.02544086317363395,0.003180677163201989,0.03387621469202175,0.04692827019189359,0.07347612273715493,0.13796609583916591,0.08399460817178359,0.0005535902047566967,0.0024601675123497885,0.0036478291552946786,0.014500641614178984,0.04291305356251211,0.011554664932690084,0.0453189152692899,Stroop,Stroop.csv
78,0.015542511085741225,0.07067782456216323,0.04845305651712204,0.02192952867704265,0.2657350542758303,0.19538948908574794,0.14008389363906318,0.16724203976050311,0.07691045311678216,0.15285339541874302,0.39994195161548696,0.20970961801788143,0.03847417847260273,0.1565386002031762,0.03279743774503152,0.13199964382121762,0.18660042046317404,0.24786553815572573,0.004785628558014208,0.006765589184711828,0.010664303327953298,0.011076414238119097,0.1961485370200941,0.03041648958869897,0.10899070711147553,Stroop,Stroop.csv
79,0.009071004287792284,0.11365657860979471,0.06348279454985617,0.05646005090803102,0.2195359238966954,0.18392031810238893,0.02578624304478903,0.3586924624467057,0.17503922782989392,0.2285348751392148,0.3943720165413157,0.3287084734253368,0.01577206194901493,0.2761114410700299,0.18742681489595073,0.14254385488208454,0.19979125495651762,0.41062067703533617,0.0015369609920608347,0.007019612257360204,0.004325406229720488,0.01978068588150682,0.10951310742299801,0.02166588607512213,0.13252595676558043,Stroop,Stroop.csv
80,0.004601927309731109,0.04536077655439277,0.06659144671728084,0.03207885400045764,0.10966205613484585,0.10647111548442813,0.1826962909830607,0.217518701616315,0.15790076192608088,0.43460300400718255,0.15697351960904904,0.11191784585508874,0.05955295480496497,0.1418553219538749,0.09132083600759934,0.17791701131790047,0.12135699482292565,0.180845850159957,0.0003908727412062756,0.0037627508489273447,0.008324174569082535,0.013412581964989845,0.06261087311922596,0.016711484862907067,0.05844287016418831,Stroop,Stroop.csv
81,0.023564448268574307,0.08834862268341583,0.03466382020874947,0.07147613749339429,0.2934061016898491,0.12164330928462395,0.13708763823899456,0.2608088985058301,0.27648690505592005,0.37631247943444857,0.4268986365428945,0.15627341264792483,0.028665276352186714,0.16752814547178177,0.3451150779511103,0.22357140311674795,0.2844539144025669,0.17807078201001986,0.008905253057891995,0.00543979517823552,0.008157561280213948,0.025041741060652257,0.15135102467562245,0.014494035748424672,0.06491390117178716,Stroop,Stroop.csv
82,0.18040452217741465,0.12773344325756114,0.09769073943025199,0.044635600541006015,0.3143483503543461,0.23980138363661457,0.009447082331933542,0.34246747939608924,0.15667949168386125,0.22478530352198248,0.4810745645103237,0.31792384947101116,0.009471529621990835,0.20258919289390803,0.039761981657428495,0.11841213919770183,0.33784330960342485,0.34410850334281745,0.2330569343530476,0.0988981950343577,0.051639264527024414,0.015407620129232927,0.2235418124191872,0.3204815179029802,0.3893265892015789,Stroop,Stroop.csv
83,0.19957415120493122,0.11162300348966446,0.15184267647087304,0.007363958569569517,0.241859056464639,0.42448183968027187,0.15604820618929705,0.30424292050554225,0.12078108800014255,0.24584511363972353,0.2578679697254893,0.26374434728360463,0.05463843354527341,0.2247932320823145,0.08415318873525271,0.19483779428925313,0.28531718805915685,0.26539141463793753,0.22906325140715872,0.1048790036349534,0.051578562272441654,0.00689650496792819,0.17052853914628013,0.5156227721308022,0.5791685147968261,Stroop,Stroop.csv
84,0.010131383012321624,0.050080010507334925,0.03410522122477516,0.06709001061273537,0.2728229510595281,0.07305807380051799,0.05417458365075891,0.3746355253130036,0.11913179484484894,0.06889050595697979,0.5385036211387659,0.6969849085397133,0.004897994641955106,0.17749446208303438,0.026491505600890128,0.11095471704316615,0.3028372151901572,0.3155724290401904,0.011177854849452827,0.0053698771858798474,0.004213984729139378,0.01724308886356124,0.1639041479063847,0.0189214307210961,0.14005377277788456,Stroop,Stroop.csv
85,0.11959341730850823,0.09658590513572726,0.03517886900079569,0.03268840399105433,0.3795832587080902,0.21796935903741074,0.14847930675209087,0.3330201441816386,0.17580119556711749,0.27603388071211465,0.2956611440251031,0.2630568621414845,0.026742489143815204,0.22168528003594948,0.16958433235169712,0.21419624619073047,0.25010147680534756,0.24299539452446525,0.1437425780226892,0.01658748576978763,0.00250259289843869,0.011906179245204516,0.2860055453679058,0.06582711928601233,0.14987097946295475,Stroop,Stroop.csv
86,0.013564868359429277,0.09031593604185267,0.08739775200262785,0.06724936901500829,0.21236807610755765,0.1299238236130633,0.06539070377604107,0.470098836914558,0.04864797029322564,0.11145206739770255,0.09580468457483617,0.6852833370673984,0.015349988873555981,0.23936878370304793,0.07814322079433786,0.0718865354583628,0.11531652935684651,0.551464528521079,0.010196384470112481,0.015046489262499048,0.0023757610759021883,0.020094509513970994,0.09035098713739802,0.04310979785002401,0.19891207207078565,Stroop,Stroop.csv
87,0.017273157609044135,0.07359730433558415,0.1864169061014393,0.06650691066145485,0.16944360730183788,0.10709621286253754,0.0049192086235708464,0.29369434685274165,0.31603791838526424,0.3136763406159947,0.3429272119853949,0.20806925353432612,0.010541491407077943,0.1462301615981873,0.2543831749417245,0.1577762504285838,0.1443414586294009,0.20391058628917544,0.006382401399966375,0.021382060071792285,0.02806717326258588,0.01715764799023677,0.10741612482930428,0.06699866167508144,0.11568515328304642,Stroop,Stroop.csv
88,0.015883948524566746,0.07856428922688864,0.15787453302281138,0.04268543457128385,0.07274694965346494,0.15317145015610253,0.07124446639032596,0.17707213898530588,0.34139721966302106,0.3067935816468542,0.3283162488476203,0.12650020864093023,0.01873237855311824,0.11028511004584798,0.1912966995358997,0.2510664927374898,0.19547037969655046,0.10736725380894838,0.00012124469186408648,0.005498844857380185,0.017633649132172136,0.013099493990792518,0.016915431649853332,0.02309825559478672,0.0671691838867751,Stroop,Stroop.csv
89,0.08662456326783129,0.13943158749969528,0.03613258945716617,0.048678259096153934,0.2214598079982255,0.24771546032107838,0.16567761882538673,0.43674685484915077,0.054580400701861514,0.2526556026795228,0.4863741045900518,0.3702953025735586,0.05417393758463133,0.4418610997188563,0.0714222385960736,0.14703243090235077,0.24198833278869047,0.6400831322416484,0.027456754945914943,0.055250948038544065,0.013667078148060362,0.02319142898347813,0.18811432923682886,0.1372735773218238,0.27626786301249656,Stroop,Stroop.csv
90,0.032856566671933984,0.07475194848311334,0.03880163913025721,0.06448646395790344,0.22462298969759897,0.11117136556405147,0.18306487112695818,0.21934838479145732,0.1325550179412175,0.26407340287785364,0.3992842185626201,0.17942977665853124,0.06067687785091345,0.19975844576482563,0.06469487583063371,0.19638399988385696,0.19005657990225994,0.23472506205406843,0.07135091095131127,0.021662498818381917,0.00977876670359473,0.020124558197992037,0.1176905974397759,0.06092291019033133,0.11150385822574248,Stroop,Stroop.csv
91,0.2128370338539208,0.4244737396431973,0.1794907428384936,0.039278882234724866,0.16570915401219566,0.8488113985361839,0.04712419675163989,0.2656966375649005,0.25785262015802385,0.5172857523698631,0.1870701552605581,0.11634226805678743,0.009861824662328928,0.12883734242120096,0.28550408083853007,0.27614419199029594,0.10784390713635546,0.11552408387953375,0.273712276082223,0.3661124176121016,0.1678849732349568,0.03439973577953753,0.12371409881614802,0.6688211150069294,0.7654786250215083,Stroop,Stroop.csv
92,0.043188587007538776,0.04809588212775616,0.13323458891613743,0.09960052196656506,0.1789596742598642,0.05143360164132241,0.07200320887569496,0.422280976303826,0.544442271369031,0.2912220783050773,0.4365642756546875,0.31982176138474017,0.011725320067453185,0.17410916572692642,0.33342357154373026,0.17733553038754218,0.2985293050582987,0.22173775046517,0.025967486321051576,0.009442562957822025,0.012447972195596069,0.019074346927028973,0.11251780853111097,0.029015242995208947,0.08709603326575513,Stroop,Stroop.csv
93,0.10233351045152947,0.09974928252447232,0.1339773704571545,0.03421950547866261,0.13983880818787503,0.21944416338642436,0.10048592854240282,0.9610086814797834,0.08556072342539833,0.33135531965999154,0.4593839519811934,0.6601012833161637,0.004949976487777994,0.411872330396644,0.033965260780525364,0.15373077870395854,0.25630357563842004,0.5779953235917269,0.1034820209326752,0.05730621148858942,0.059285869656165814,0.015201633745303412,0.09893092912987238,0.18860863068549077,0.34183535107999213,Stroop,Stroop.csv
94,0.15634044173158984,0.3488967798218628,0.04095830860198547,0.02959461043185974,0.26552740403226616,0.8128519797521037,0.04337852417041437,0.13331483890899867,0.8082777499326107,0.11956829913426537,0.4584467756018501,0.19978109359145235,0.02355150298703058,0.07037807161298945,0.576341366850776,0.07602117147383475,0.313404321314723,0.16265589296386684,0.1894539487584833,0.1367480024317365,0.018437726193196193,0.011862684501137491,0.19074055614223756,0.5151296306953826,0.6428305717231111,Stroop,Stroop.csv
95,0.07666176980937318,0.08063366391673131,0.16986263948184488,0.06180207564807415,0.338161610560503,0.12338708904519617,0.1322290403116418,0.5135763207294386,0.24091712333154264,0.21652080518167363,0.22925285830792075,0.4885131173070182,0.061587848852182984,0.224908873572431,0.1663222590718515,0.10429886494918802,0.1728362126827408,0.41475086921987475,0.019834286688975748,0.0066659068965284896,0.013331061467784903,0.016020776331147072,0.21107793427978921,0.023952471185938733,0.14134632408368225,Stroop,Stroop.csv
96,0.0421845880453495,0.05940873634915877,0.18453790792858252,0.10515713606268944,0.4827649803440427,0.06065347359192595,0.10720920557753782,0.06746955307539186,0.5915410423321319,0.2189183970016396,0.45176384164016214,0.06670829495959922,0.016456792994355703,0.06098252302166568,0.49328846423441314,0.14287016080297435,0.3688396776103051,0.09400093838916171,0.04597605095032488,0.026541869290337597,0.05092338847212466,0.030745528557869304,0.2290887111061835,0.054204448058520385,0.06477932709549145,Stroop,Stroop.csv
97,0.004216854164657849,0.07841149122151772,0.0776866400619323,0.06469931934279581,0.414388342592087,0.1162340756134063,0.025869771828527153,0.1403390180038968,0.05826726102098839,0.353356402032898,0.6939746725876599,0.08635165079911558,0.00608066522036584,0.1392087228437197,0.09597202235309124,0.12055853491922897,0.36140291971134475,0.235250359008584,0.006681401781643818,0.0016331874849040368,0.005103754712320269,0.020230187460649203,0.23224811047194677,0.006829601699895333,0.0553775054900552,Stroop,Stroop.csv
98,0.009862811952724749,0.05865751781155088,0.25063453756260134,0.06095710028928997,0.18430679255911103,0.09129478337918928,0.1273951691866315,0.05131865673538885,0.1925523888944759,0.277449745479442,0.27027033456898686,0.039111362921089174,0.021991892848013065,0.08724076561767624,0.1880279294198811,0.10996858124845968,0.1431099630924093,0.158959441563313,0.00956077553152876,0.029689039848121306,0.03628309871683151,0.016030653903293276,0.10130247617324224,0.09601188755726679,0.1111039093799152,Stroop,Stroop.csv
99,0.03322758586995293,0.0884133474827169,0.19140395639549562,0.02074601824762327,0.2718317685875699,0.24821539449866498,0.06599093285767764,0.09553971183706692,0.15824830608981733,0.1210762455430105,0.4161169522434853,0.1470874025952979,0.024083902339298028,0.10301719935024958,0.25864930589546037,0.07034711306901692,0.2028784475835183,0.24490706556005903,0.045902202594702,0.06336280643257734,0.024107990267360175,0.01880899436366512,0.16823577852777633,0.1815820452390478,0.240812616452882,Stroop,Stroop.csv
100,0.02186633822166749,0.06547523394464873,0.11418485750577251,0.03312246438081631,0.2822599967125805,0.14853430445819596,0.02882262427161245,0.10429270691722495,0.11759294082727749,0.28110600206330794,0.3537911085022883,0.07996349229274857,0.020836944032645344,0.14678366468728135,0.09869272618775142,0.110473369483579,0.24193905224434692,0.26271561099035945,0.00781356499765743,0.006515995659869026,0.013388078921744683,0.015331683031697674,0.2021940161798355,0.0241724997017109,0.07949942699976854,Stroop,Stroop.csv
101,0.05440149931641115,0.05913157408546107,0.0516394863884565,0.11662573025967117,0.3702593432852589,0.05527860361628758,0.060477510310709956,0.1787460020286981,0.06087534894506254,0.10148529671098155,0.5487683791407171,0.2878936242037673,0.02326621287523925,0.051129145693551176,0.06450473595060714,0.1299487602135594,0.349053397905681,0.0851537152287948,0.06523707191498994,0.06728779586070639,0.036665572927994154,0.025192946000850393,0.18508757422635752,0.15705138129917318,0.17688102665822358,Stroop,Stroop.csv
102,0.33866193099185243,0.20387298735491988,0.13235515484224702,0.04868935477201014,0.38069013621564757,0.3604968750968033,0.13097717357003794,0.06307611985550575,0.15156756159608153,0.15157940411556567,0.23581089038623115,0.08710534560943876,0.022543481416216697,0.0870022715245941,0.17260116598002548,0.14528357307777276,0.15080388536250666,0.13061891050432306,0.38842962485776145,0.14274477324074195,0.16065097235744166,0.04928753785023558,0.2096445977631704,0.19501414998450392,0.25584579598728713,Stroop,Stroop.csv
103,0.033873222733720745,0.24996631638641584,0.1211266713807766,0.058945921900978956,0.3497465349875995,0.38975637332173707,0.28833659195530165,0.728027205406104,0.34253567792851264,0.1505873442230587,0.5287240346643705,0.8810997654254521,0.030752061430741145,0.5011239492789424,0.22649411685299742,0.091154743599101,0.3367065835520697,0.99753140983544,0.02125844427086057,0.056311141334774224,0.026061319992226297,0.025927149055576127,0.2178836542377089,0.12898583890831558,0.40372182682625635,Stroop,Stroop.csv
104,0.035731656265663075,0.2187309419545443,0.0635402407051831,0.10292787955916329,0.349125135144822,0.22684088384057718,0.03379599119200038,0.3425287179001175,0.12930032077833672,0.3535801796151453,0.42228746880322987,0.2193301379432442,0.007276932741907235,0.24044002427973804,0.08122050285884763,0.22942518188297395,0.15817694077306055,0.2492623183187672,0.03877528943581801,0.08660886859893649,0.019324451000251226,0.02708883174378666,0.20930339279537974,0.19111494018317426,0.2536015582823702,Stroop,Stroop.csv
105,0.01793885485840396,0.10204883620336717,0.06393281989307749,0.07239298370492978,0.5103436342707263,0.1389424131287992,0.1833871208504235,0.5071833666505289,0.11435560538841509,0.2617801281893345,0.37644385743920916,0.41834572918580326,0.02307370708161694,0.2366741138775897,0.05950967161164092,0.18293306033096968,0.3215987801221967,0.29315914481861716,0.025988734042084596,0.019196474475598618,0.005958542832129727,0.01865553919376817,0.2788786572786802,0.057163666880560814,0.15020862336114515,Stroop,Stroop.csv
106,0.025542977067543254,0.04493115785436241,0.05414163745308315,0.12178005023488651,0.2711703570741136,0.0403540489467183,0.09476347092151582,0.20460165941722375,0.2719102629470475,0.18191117928862563,0.3293774945106791,0.224660400229541,0.02754637423704369,0.10435497442761033,0.17234691348360803,0.12593198690753052,0.13337021431346407,0.1724219299004832,0.0019561626733754873,0.0,0.003525621139889155,0.026579731385549654,0.09229544407777902,0.0017517655116163695,0.0442162117325824,Stroop,Stroop.csv
107,0.03732564094862706,0.07048084804330357,0.11113845166360378,0.05203416860034994,0.2764962184283585,0.12159702940616691,0.06984265924609871,0.24237635829068063,0.46568587161754693,0.07280189630175976,0.3653524202280456,0.4511076904340803,0.022462753868518575,0.21408848826515747,0.31995090941581433,0.045412235379525046,0.3037997906242836,0.6208783832108509,0.0011325246076212224,0.009959098716392356,0.012243904092458093,0.014254771468008322,0.1691022437428596,0.036909901456183544,0.17140828763298,Stroop,Stroop.csv
108,0.024531291481539395,0.06085131638751374,0.02498625794106933,0.07329305823857095,0.26016171820796447,0.08275018703641995,0.20908343785244335,0.19537168148186765,0.05034954575766863,0.14564724173001592,0.1293153456933221,0.2509793042978762,0.06692873651944428,0.16976108545370652,0.045657402796406885,0.05823898521282243,0.08578683473147143,0.43985077945208884,0.0016108874276313308,0.006833714469772061,0.002543484628307614,0.016707164927845162,0.17731527585165452,0.02380113832094839,0.10643700806628932,Stroop,Stroop.csv
109,0.01187234098736109,0.07361733123078798,0.09793973882923501,0.031796826939273964,0.35887642097834493,0.16997596333635354,0.02447426501916739,0.19036195884568263,0.16347270928944135,0.2923990989400165,0.4047407874150518,0.14231695536284864,0.006067901823609305,0.14275538641288818,0.08016954939749231,0.14410857588836776,0.21033707586415362,0.21277203690716315,0.003008465148293383,0.004601122105848537,0.0135905443331628,0.00586330541010543,0.2136274422363305,0.0299330878245746,0.0908002073094636,Stroop,Stroop.csv
110,0.02674498831302858,0.12648288156358833,0.014811307220283275,0.06634109978381882,0.2454169696200597,0.18290633668973566,0.13795841219952024,0.46297385863626506,0.13997129483138843,0.19977785568976178,0.37356700001764975,0.467060425460073,0.02112678125596508,0.3695560214699765,0.09060644418378858,0.129935580401932,0.2544339341932456,0.5849620654580832,0.010534020857345488,0.008205836081300093,0.003833369758743541,0.020323714960914348,0.11650098973339605,0.02442674358738856,0.17180132206294052,Stroop,Stroop.csv
111,0.04735661552480677,0.028170558845021967,0.18234390160346925,0.0771815236736433,0.4034441049406681,0.03757517619341337,0.19924413296594043,0.11897646143300211,0.2883298194863856,0.24961129143053698,0.4541582341527748,0.10231694588594278,0.09571184942497615,0.08402378183495247,0.32212935992398667,0.26584377335204495,0.3470719160076578,0.0784288624529974,0.009007073805504083,0.0036432151736954296,0.010306469093309274,0.022843364475856155,0.2137300648305992,0.011132356940283385,0.02573895302123446,Stroop,Stroop.csv
112,0.014438288334482612,0.10082822812402172,0.09251817875234392,0.10366170402298429,0.07735994965044295,0.10406855608990895,0.015586793103373853,0.29541508757018287,0.1764460569754616,0.29777268232702825,0.20730118187387736,0.21884912466025283,0.010720166100373837,0.2584147831663658,0.12568089836224328,0.2165522222430083,0.10233761061159889,0.2803709523255471,0.002099568155671097,0.0065626776655887155,0.0152675732623773,0.03993466554809082,0.035817237761025536,0.011514523403343722,0.07812189507517353,Stroop,Stroop.csv
113,0.03584099263711375,0.06603987000694257,0.08728327146676913,0.10539844261594923,0.15165871626153737,0.06728276074209477,0.08225692266806993,0.23289351524414856,0.40055733236827096,0.23157288562210485,0.19549887429646529,0.21209073099261921,0.008863627536204736,0.16072006014718357,0.33398928588968385,0.1765651350008108,0.10222434331763951,0.20563081385611023,0.018302770080590867,0.005980769381317161,0.03928436124839917,0.03161549922846693,0.0012110757667115751,0.013001697707974486,0.06191947613205846,Stroop,Stroop.csv
114,0.012359542961750727,0.12080601103882604,0.06064269993196131,0.09985565439712189,0.4032667333898911,0.12844889285131553,0.05511088836438177,0.5456161333277368,0.06837143329223319,0.2707149573478944,0.3069532737185858,0.43849881813299907,0.012558053238464862,0.3648932849097294,0.04276166415716927,0.23492812942708297,0.18947875267843817,0.3699249212976537,0.0035169302098640555,0.01131055865683199,0.011123181997091225,0.02640974245103957,0.21151085149428805,0.026968810238630986,0.13369016885822999,Stroop,Stroop.csv
115,0.07464849379215517,0.27267997284872747,0.13011552741561977,0.11186850605948746,0.09738621863380358,0.26462340834903086,0.09750133046288796,0.361405725096955,0.20689087675161294,0.12767716712078062,0.302879611063486,0.4913307193428543,0.033443647845613995,0.2967187222084417,0.19376159454872863,0.11685827830940201,0.190469768144301,0.5059625661407138,0.05528789462318708,0.10985036807933342,0.05488468673754635,0.03875080657765553,0.035243670545824515,0.18323911589392947,0.3180844412999103,Stroop,Stroop.csv
116,0.006841818520733995,0.05557484711483169,0.13502643491623362,0.08459817716941465,0.3185714447183859,0.06777660678455881,0.11403248872759553,0.16523556642155443,0.3563722666331707,0.23241529744703757,0.16491981912782716,0.15068030521556647,0.016261268698990347,0.15417976110956602,0.3367698208947107,0.14001310101435907,0.08774300140832618,0.23423667101748502,0.0030522337513658104,0.0028834492226851183,0.005409522249613741,0.02521853416636682,0.24367716405781376,0.00852218490111945,0.054072269292817776,Stroop,Stroop.csv
117,0.025350156398871837,0.02200502328473361,0.07205486971487242,0.04028796862057117,0.2411022676313116,0.047701282024807015,0.17423865475227956,0.135378392351371,0.15226090411693755,0.24341802845091096,0.18921467064985475,0.11895053465857014,0.039652837719703446,0.06678527041414108,0.12152749041106478,0.21133077696035846,0.1888828262878447,0.07588210202855614,0.0018026457360878934,0.0026645648951899867,0.007410877716685015,0.015348177590386852,0.12600382083106865,0.011769693539148479,0.030195505095503908,Stroop,Stroop.csv
118,0.017861532599399075,0.06173656577851471,0.10419259481070335,0.09322601814521785,0.25487656471475106,0.06958692002442916,0.1567760533207147,0.0677507025628516,0.6327628954953085,0.4020536624665668,0.50740655844559,0.032039411079573615,0.0737231325721172,0.09192425970384747,0.6412341091287734,0.19692830600590217,0.37336305642269024,0.10939845310923076,0.0026576810890164516,0.004729798224843636,0.021432369641280192,0.035246134690015835,0.11105208404476662,0.009592232050818586,0.02638687928725733,Stroop,Stroop.csv
119,0.015541378606580489,0.15944515521879712,0.24815391088831926,0.06557810033800388,0.3350506261491073,0.2319115652369788,0.12487615354138897,0.08049640010407791,0.3140740690731106,0.09759910989982434,0.3899975608963355,0.14528397832063142,0.03618367357935507,0.10955706340267969,0.3048076425114878,0.0496705927898872,0.2481496819078129,0.31018504956382936,0.029384299387107096,0.07254936880228668,0.07623228150035033,0.016996721093002782,0.2754352524531979,0.22176491679841445,0.27880271314934535,Stroop,Stroop.csv
120,0.020323946946138857,0.1537535454745666,0.07834738041083159,0.05793506881224322,0.2616886272204966,0.24356936263901027,0.16360907383697235,0.21314646429509546,0.13397469620928024,0.32579611156322674,0.2839796957359373,0.14484985381167487,0.05590352850234165,0.1706883043968049,0.23695412822824807,0.16264348231041661,0.13616882205087388,0.23207012824713108,0.009816701944132375,0.011588958658991549,0.017711189690261975,0.013493727868194767,0.12149982561639279,0.04383663622946957,0.12105010822115829,Stroop,Stroop.csv
121,0.002364919406224403,0.10411097806881628,0.05898450037764927,0.0945716991636504,0.2410161788022342,0.11563869803714873,0.07353386348505363,0.12352358258921359,0.14085108824307505,0.17893875215580976,0.5608856664606013,0.14048756620580355,0.03726048744641191,0.09875821912374193,0.08768557745711233,0.10219873712249952,0.5038025565109411,0.18797546524335637,0.0,0.010080918180266116,0.02057926607797334,0.02911062312182051,0.0998983629662465,0.02243632918040348,0.06959394278204548,Stroop,Stroop.csv
122,0.00992152427796403,0.0887529956607724,0.05742706232035674,0.05639593022426394,0.22403867937441546,0.14435214921033057,0.022451062544551356,0.20345353254935625,0.0,0.3845107678610783,0.33298348307390985,0.11781479734135789,0.006161339813549233,0.1418220559058843,0.016343990958514396,0.19846734967484964,0.11073890490122963,0.16614003399454172,0.007890507267602457,0.02519758904434609,0.013064937380911445,0.01874730929552884,0.15715688077130874,0.07395917654743787,0.11424855179670822,Stroop,Stroop.csv
123,0.0024796637550915587,0.07132274721787037,0.058974633120646464,0.05833180708144793,0.26825515145652495,0.11390112344839039,0.015567608547278237,0.269543089851045,0.3963630229019052,0.20759527254337443,0.34807279800639834,0.26652107832956373,0.00862511142070031,0.13451849512659328,0.21777964268289382,0.08498790052696409,0.14298490218064408,0.2845906917465636,0.00812417529068497,0.013069655874825673,0.015525804095906467,0.0248507819047713,0.16222466856168277,0.03235232785037503,0.10424036872143233,Stroop,Stroop.csv
124,0.009105043402177868,0.15990069022229875,0.033215575945938096,0.024914765463552608,0.3107294424333174,0.40836716755382924,0.05258731915554798,0.5765441120249336,0.069811982758101,0.1563985270983184,0.3333540351832244,0.6837310714281993,0.013702788652815543,0.3942648555701621,0.07597138033112445,0.0978110889878844,0.20033358622424602,0.7526311270481263,0.0020497418415485738,0.01910777385846869,0.001807277318632693,0.014932438404973603,0.17407635460164333,0.06576981770833902,0.30149475768238515,Stroop,Stroop.csv
125,0.018410460477886928,0.15863272539651424,0.13202379366991884,0.04566585669020651,0.32142814730401814,0.29272822025307715,0.09862363653845384,0.36854652837541413,0.2944364633935529,0.154974553817444,0.37401983391869653,0.44379796678818917,0.03808696777185444,0.28755605340196,0.2288529414657055,0.10760950076472903,0.31422292045957856,0.5179917642160202,0.004398743465100441,0.019795200106460468,0.008708512226935524,0.01834538983232496,0.1721900400152822,0.05953324025867017,0.21469400927969434,Stroop,Stroop.csv
126,0.01849797726736716,0.05878157789906061,0.14437783336937277,0.05576627688736453,0.21831888153898477,0.0973072133081489,0.15851699312388975,0.29317766638930787,0.23893167778138813,0.15339310685716093,0.47697432642027515,0.3578164361662747,0.08423011608696596,0.11351361646685892,0.23134824970473694,0.12027116969151871,0.18565459146487956,0.193118523389629,0.002760821539990626,0.0023315961591780735,0.01097027541136426,0.008574274213672729,0.058505385156153514,0.015232274336566716,0.08658743454732755,Stroop,Stroop.csv
127,0.010535508017475765,0.1185292448980271,0.10694293393298009,0.03739705521948479,0.09923130791517772,0.2472599024518734,0.04725880735700572,0.46564504169281895,0.31770006008977325,0.23306017839595009,0.11910976400738442,0.4197600681509651,0.03061710872082377,0.2509993075597877,0.21954992423586167,0.15380176593164147,0.0,0.3537143925754518,0.0025939556342379896,0.0066336120152619,0.005842234083912915,0.010688140662598312,0.0,0.030504644577889206,0.15816989428807288,Stroop,Stroop.csv
128,0.018171269157430045,0.05065902561897235,0.01904049004760524,0.03121277786243923,0.29869969134103264,0.11997012250875175,0.11950259451310387,0.29309061017438265,0.08431507741549239,0.16005035480303362,0.18735455700027231,0.34778182669796565,0.014726085672884798,0.2513937497062664,0.05310027362252044,0.04911127322089438,0.1756628049388842,0.7020400355620571,0.004801010154187171,0.0061991078116490446,0.01171985723431633,0.008719516597821601,0.17339300172286598,0.032036668906921445,0.16378262570618785,Stroop,Stroop.csv
129,0.05715750038432939,0.24760220537828995,0.04487141545787593,0.009316472718676205,0.28366624092502213,0.8797783986541715,0.02889750071901206,0.26102406849617676,0.17709330199970458,0.20298880699223373,0.2057897190414249,0.26262270585797987,0.010301895023336605,0.2644968710616116,0.2033361565222887,0.12728418178589393,0.24731902251035054,0.42609842819743926,0.04351361678967911,0.10070671282412626,0.023880194193863474,0.013152230931285702,0.12846768731093605,0.3587662870304457,0.562797895576356,Stroop,Stroop.csv
130,0.0030333253804928663,0.05093367703986023,0.032285347375947085,0.03523392870605986,0.2850891942705982,0.11286054384513931,0.02337254479656997,0.17606536174165913,0.14200473288709706,0.13698553943675182,0.20091769177035512,0.23687733107498157,0.027619652587605927,0.17144851334522,0.15631020613107927,0.11665066994279386,0.19724782549212333,0.29500710189176543,0.004312752315034494,0.014028920676019758,0.0024035469291721237,0.016764248282780767,0.22665248011363848,0.04564295958762404,0.11290619272342646,Stroop,Stroop.csv
131,0.10924049608959828,0.12646658624903911,0.061708182224719035,0.030139576076767562,0.3496538576381692,0.2958665962232394,0.034624541481067035,0.06287899388977634,0.24168619266377334,0.17517419029124506,0.3097521785043751,0.07693126566446187,0.020448501800402988,0.07159262555858932,0.2053150519245981,0.10864363807297023,0.16595653001051114,0.13254553345675837,0.10178021915323157,0.035961318640154526,0.01986057128283863,0.03287671006271421,0.23724385394707037,0.069204656130983,0.13402507056039514,Stroop,Stroop.csv
132,0.34810951900040105,0.26621933507265155,0.38813758780321433,0.290910151056913,0.31054789382806186,0.11156437091279221,0.029371480276819625,0.03438757154739247,0.23334417335053084,0.529805065742503,0.3329686872872561,0.003922776971071559,0.02065618300972265,0.06521877136771595,0.2725462149843885,0.26643955795985,0.24220140314369581,0.06117335897771634,0.5861213046091537,0.24356162591354202,0.28331911934648946,1.0,0.8779486192442825,0.01800711209628195,0.033555807769388574,Stroop,Stroop.csv
133,0.20041947716837508,1.0,0.739544716506734,0.16423695283913062,0.3096698525417229,0.7077301604203613,0.2770994710658165,0.12394601779081865,0.356846782227787,0.3390832200279251,0.30821496868237097,0.07895406193013565,0.055413148481906024,0.12022349125571072,0.3495543397980432,0.18247752101906767,0.16253517605319684,0.15083212592008488,0.3151962795409955,0.9999999999999999,0.9999999999999999,0.38462213185615063,0.3978700209998265,0.2023822600230634,0.33841751602533454,Stroop,Stroop.csv
134,0.012959785902561938,0.08601228531387729,0.04933527135587398,0.05631917319700004,0.3502592951643269,0.14011086317158392,0.06264582786467236,0.4093569783933596,0.2558314791913282,0.4591294716013494,0.2824522724416458,0.20809105087498705,0.023236071793722658,0.2665690984145237,0.2581963426024175,0.25986894489021606,0.19324399123903424,0.24944104211405102,0.02777909010872227,0.022263232679582134,0.02207283473083191,0.0246986702581832,0.21063018343576695,0.054008942737312826,0.1170826445747999,Stroop,Stroop.csv
135,0.35019101003346564,0.3906638782005867,0.3258134939130045,0.04163173818161657,0.19466012008123507,0.7557400147379886,0.05562477844964084,0.4381215286392044,0.22730526940557816,0.13584431187008816,0.40685806918802214,0.5705413848930927,0.02444434753863034,0.26321781737593725,0.14643091991442458,0.056512668429706564,0.28474761064503973,0.6870422303699925,0.6115453335443137,0.2862627745451581,0.27466151305311937,0.0410643777488084,0.11017072603994439,0.45419576812995993,0.6849604661574231,Stroop,Stroop.csv
136,0.0023091683414127994,0.044720325580388146,0.0267838873771218,0.05822912834509579,0.39574393037100597,0.07250384429364118,0.04601505419855297,0.29587398553933897,0.100810347807471,0.10212537218788265,0.36159188208375426,0.46036349286462985,0.005533698260995056,0.18297044921172587,0.11688478125016336,0.08269267002009326,0.1993862746033327,0.3908056539849135,0.002670147829427593,0.008157800618459752,0.008865721303337619,0.015849936650085543,0.23850053039808933,0.028826299931033014,0.1282858080798887,Stroop,Stroop.csv
137,0.007990401378318848,0.06766590697228361,0.14198391349729023,0.035280166179750216,0.3567625243975333,0.14808984654355103,0.2419158470569515,0.3587532585558063,0.2596280348063258,0.17347378086803814,0.4387275406170247,0.4010073237733568,0.0476074100238514,0.20882229206558445,0.19547742304954593,0.08670983153332434,0.3173297606452343,0.4325862475111774,0.007936507323305933,0.011983238320242192,0.01817238317611029,0.014061584854438005,0.21234788327212978,0.04408650186634715,0.15519767427837278,Stroop,Stroop.csv
138,0.07264014247939697,0.0883978321527703,0.059298194798304005,0.050174602377124025,0.3236779934557588,0.15531374302491982,0.09079929372665595,0.3661652752002835,0.3088426283156367,0.20587386275595057,0.21905905035194395,0.36257597360465266,0.010420814091592305,0.18823592196331967,0.1841599758106247,0.08755551356708793,0.1888889821814691,0.38835906515753565,0.040288178194559036,0.024129127214561837,0.01665606753153294,0.01218936189725063,0.16025389233476495,0.09272120833744946,0.1882341728024884,Stroop,Stroop.csv
139,0.02120207700189031,0.07354268288403615,0.08736510132752648,0.027866120395190614,0.27913388519027177,0.1816708438952672,0.22384595254652573,0.16712514924915522,0.15464593996563872,0.14360636020065665,0.22828089818541064,0.21865313040524215,0.0323971109970227,0.09295088140269446,0.06801811923935498,0.06463657762265938,0.27321255766136676,0.23220275935458068,0.004610453609642126,0.0058639387120796365,0.0114242025577264,0.01029248331577505,0.14413504620568135,0.028036282672942496,0.10327354385362988,Stroop,Stroop.csv
140,0.0182256302572308,0.048143589782641466,0.07159066617964364,0.06801592905631446,0.1921491545443601,0.06960166033439066,0.05840219008524952,0.17950230895934832,0.23240140857841277,0.14852172341846703,0.12747603815136427,0.2286349891015679,0.011055076891594443,0.10994619560816545,0.06296486999895813,0.0586739311139898,0.09751813078360562,0.2870997345721917,0.001453366324113706,0.0032710754218320493,0.007190270756256516,0.013665740685870762,0.08938817217961618,0.014818216608511518,0.0754632156202314,Stroop,Stroop.csv
141,0.003986947625915705,0.05728543814229456,0.08623922081107543,0.06129044807179192,0.31430007972628005,0.08887364713900095,0.012506024414103527,0.11404794078653777,0.14713678995319632,0.13781422783603905,0.347866734749621,0.15794410226531425,0.007864296361979098,0.08754568619380479,0.18980131853196183,0.07962603396232612,0.22832977046950148,0.1951195473818041,0.0014389952763226605,0.003256517612452052,0.004871736647598185,0.022035773589420705,0.21804155140253262,0.01047321032050493,0.05661370471270752,Stroop,Stroop.csv
142,0.005645010450990971,0.04146102508123782,0.034976593443767,0.0,0.39557963681124475,0.20756326495856517,0.17710291364613365,0.5264068985685502,0.09569198646633921,0.13782446996127318,0.31368122683241784,0.6765675339409297,0.04245515502405796,0.3197605325606224,0.04494603162490579,0.05153242124972626,0.17105413874239223,0.8704496682222355,0.0012822019454466317,0.010706517879558312,0.0059307852589907326,0.002586838215947126,0.24900579818542135,0.07855819316011643,0.28185615259801694,Stroop,Stroop.csv
143,0.009496080188726634,0.12467538119745317,0.08343591638304665,0.044655152072367685,0.4033762293595848,0.2340941849014085,0.06431366234053425,0.1919722457927182,0.11871628156205481,0.27819439896562426,0.41246707591024845,0.15002612232813411,0.020075475490011947,0.09102278556610494,0.0704144315667294,0.13765043803110785,0.2530565893382108,0.14186330842370412,0.0037134208871873525,0.015996081430536456,0.009882173433634003,0.01786158826343063,0.207011895385399,0.04950811520964358,0.1139496694105658,Stroop,Stroop.csv
144,0.04462611689846542,0.08487243498722374,0.09029474780439073,0.07903767083369367,0.4109217080070997,0.10848636348726252,0.16618267504287476,0.30821097158267285,0.17761721063693198,0.3554357750740246,0.414950859511107,0.1958296620084406,0.023272505787672905,0.182162827136444,0.21363311188491463,0.12684609973167818,0.40405363363950636,0.2957241560488505,0.04200307464559157,0.03252416869616843,0.032572348609072675,0.021580871098867527,0.2611615214950394,0.08595850155004747,0.1412874739828997,Stroop,Stroop.csv
145,0.048145613400588746,0.19113119829093234,0.08316563288459237,0.025130948848856086,0.34795411644073077,0.4847969305691575,0.2965131610983686,0.3079890372216696,0.2545122170442696,0.45565162469579656,0.04759176658760196,0.15515490194321166,0.06580224657965328,0.2096805687525546,0.1890657600387149,0.2295254371893391,0.15603698807645933,0.21760285988022088,0.046728900826846956,0.10061743968071482,0.06576160275054602,0.01702365655064192,0.2286120210093872,0.3061240257498269,0.3954626260493539,Stroop,Stroop.csv
146,0.0063565687064492254,0.07740978124088982,0.05493655834328033,0.06210748129123904,0.22839489063456925,0.11814062003504401,0.20934918149455034,0.5625041704977667,0.09943132845798473,0.31365256186658463,0.1818630538839423,0.40207113178833986,0.03975564911817869,0.29141674447941995,0.11747445919408095,0.1663349209123858,0.1781051701302605,0.38699932498641854,0.00038346841827820383,0.010193000773612073,0.018033695557217354,0.011573085106854421,0.13357464302716143,0.04265577720023915,0.1423396891784693,Stroop,Stroop.csv
147,0.021858907815808265,0.06287193789519517,0.029986268177491518,0.08380990636749655,0.3083540691165252,0.07711064501667526,0.13318928452668596,0.22807985710831577,0.09212160397256226,0.18656199032934448,0.6135543037259639,0.24502129025461847,0.04777967809279776,0.1628876405890157,0.08937838919243331,0.13580188154289913,0.41085074704484736,0.25262636227204777,0.00551054715252494,0.006254084755001708,0.0014029155625944647,0.023540745034982134,0.19828362045105852,0.01718826850483641,0.07707922694725369,Stroop,Stroop.csv
148,0.017230683028894838,0.06118192221813467,0.04439667423945905,0.056845771242926404,0.22337895526901602,0.09984603408098784,0.14984123359234305,0.21113236255351572,0.10766586179341064,0.30449753968209026,0.5176556097456098,0.15252055897080138,0.02925869217484888,0.1657734030718715,0.17932983966888438,0.1860016581161646,0.3594371003962413,0.20370536895076313,0.0031097054698203553,0.009683232449978846,0.02925689914160546,0.017195149770120113,0.09527468098839971,0.03187329366383979,0.07749715437706609,Stroop,Stroop.csv
